trip_id,arrival_time,departure_time,stop_id,sequence,pickup_type,drop_off_type
1075073,16:40:00,16:40:00,275,1,0,0
1075074,16:10:00,16:10:00,275,1,0,0
1075075,15:40:00,15:40:00,275,1,0,0
1075076,15:10:00,15:10:00,275,1,0,0
1075077,14:40:00,14:40:00,275,1,0,0
1075078,21:27:00,21:27:00,275,1,0,0
1075079,20:27:00,20:27:00,275,1,0,0
1075080,19:27:00,19:27:00,275,1,0,0
1075081,18:26:00,18:26:00,275,1,0,0
1075082,17:56:00,17:56:00,275,1,0,0
1075083,17:26:00,17:26:00,275,1,0,0
1075084,16:56:00,16:56:00,275,1,0,0
1075085,16:25:00,16:25:00,275,1,0,0
1075086,15:55:00,15:55:00,275,1,0,0
1075087,15:25:00,15:25:00,275,1,0,0
1075088,14:55:00,14:55:00,275,1,0,0
1075089,14:25:00,14:25:00,275,1,0,0
1075090,13:55:00,13:55:00,275,1,0,0
1075091,13:25:00,13:25:00,275,1,0,0
1075092,12:55:00,12:55:00,275,1,0,0
1075093,12:25:00,12:25:00,275,1,0,0
1075094,11:55:00,11:55:00,275,1,0,0
1075095,11:25:00,11:25:00,275,1,0,0
1075096,10:56:00,10:56:00,275,1,0,0
1075097,10:26:00,10:26:00,275,1,0,0
1075098,9:56:00,9:56:00,275,1,0,0
1075099,9:26:00,9:26:00,275,1,0,0
1075100,8:56:00,8:56:00,275,1,0,0
1075101,8:26:00,8:26:00,275,1,0,0
1075102,7:56:00,7:56:00,275,1,0,0
1075103,7:26:00,7:26:00,275,1,0,0
1075104,6:56:00,6:56:00,275,1,0,0
1075105,6:26:00,6:26:00,275,1,0,0
1075106,5:56:00,5:56:00,275,1,0,0
1075107,17:53:00,17:53:00,275,27,1,0
1075108,17:27:00,17:27:00,275,27,1,0
1075109,16:57:00,16:57:00,275,27,1,0
1075110,8:53:00,8:53:00,275,27,1,0
1075111,8:23:00,8:23:00,275,27,1,0
1075112,7:53:00,7:53:00,275,27,1,0
1075113,21:33:00,21:33:00,275,27,1,0
1075114,20:33:00,20:33:00,275,27,1,0
1075115,19:33:00,19:33:00,275,27,1,0
1075116,19:03:00,19:03:00,275,27,1,0
1075117,18:37:00,18:37:00,275,27,1,0
1075118,18:07:00,18:07:00,275,27,1,0
1075119,17:41:00,17:41:00,275,27,1,0
1075120,17:11:00,17:11:00,275,27,1,0
1075121,16:41:00,16:41:00,275,27,1,0
1075122,16:11:00,16:11:00,275,27,1,0
1075123,15:41:00,15:41:00,275,27,1,0
1075124,15:10:00,15:10:00,275,27,1,0
1075125,14:40:00,14:40:00,275,27,1,0
1075126,14:10:00,14:10:00,275,27,1,0
1075127,13:40:00,13:40:00,275,27,1,0
1075128,13:10:00,13:10:00,275,27,1,0
1075129,12:40:00,12:40:00,275,27,1,0
1075130,12:10:00,12:10:00,275,27,1,0
1075131,11:40:00,11:40:00,275,27,1,0
1075132,11:10:00,11:10:00,275,27,1,0
1075133,10:38:00,10:38:00,275,27,1,0
1075134,10:08:00,10:08:00,275,27,1,0
1075135,9:38:00,9:38:00,275,27,1,0
1075136,9:08:00,9:08:00,275,27,1,0
1075137,8:37:00,8:37:00,275,27,1,0
1075138,8:07:00,8:07:00,275,27,1,0
1075139,7:37:00,7:37:00,275,27,1,0
1075140,7:07:00,7:07:00,275,27,1,0
1075141,6:35:00,6:35:00,275,27,1,0
1075142,20:00:00,20:00:00,275,1,0,0
1075143,7:00:00,7:00:00,275,1,0,0
1075144,19:00:00,19:00:00,275,1,0,0
1075145,18:00:00,18:00:00,275,1,0,0
1075146,17:00:00,17:00:00,275,1,0,0
1075147,16:00:00,16:00:00,275,1,0,0
1075148,15:00:00,15:00:00,275,1,0,0
1075149,14:00:00,14:00:00,275,1,0,0
1075150,13:00:00,13:00:00,275,1,0,0
1075151,12:00:00,12:00:00,275,1,0,0
1075152,11:00:00,11:00:00,275,1,0,0
1075153,10:00:00,10:00:00,275,1,0,0
1075154,9:00:00,9:00:00,275,1,0,0
1075155,8:00:00,8:00:00,275,1,0,0
1075156,20:30:00,20:30:00,275,1,0,0
1075157,19:30:00,19:30:00,275,1,0,0
1075158,18:30:00,18:30:00,275,1,0,0
1075159,17:30:00,17:30:00,275,1,0,0
1075160,16:30:00,16:30:00,275,1,0,0
1075161,15:30:00,15:30:00,275,1,0,0
1075162,14:30:00,14:30:00,275,1,0,0
1075163,13:30:00,13:30:00,275,1,0,0
1075164,12:30:00,12:30:00,275,1,0,0
1075165,11:30:00,11:30:00,275,1,0,0
1075166,10:30:00,10:30:00,275,1,0,0
1075167,9:30:00,9:30:00,275,1,0,0
1075168,8:30:00,8:30:00,275,1,0,0
1075169,7:30:00,7:30:00,275,1,0,0
1075170,6:30:00,6:30:00,275,1,0,0
1075171,20:54:00,20:54:00,275,27,1,0
1075172,7:58:00,7:58:00,275,27,1,0
1075173,19:54:00,19:54:00,275,27,1,0
1075174,18:54:00,18:54:00,275,27,1,0
1075175,17:58:00,17:58:00,275,27,1,0
1075176,16:58:00,16:58:00,275,27,1,0
1075177,15:58:00,15:58:00,275,27,1,0
1075178,14:58:00,14:58:00,275,27,1,0
1075179,13:58:00,13:58:00,275,27,1,0
1075180,12:58:00,12:58:00,275,27,1,0
1075181,11:58:00,11:58:00,275,27,1,0
1075182,10:58:00,10:58:00,275,27,1,0
1075183,9:58:00,9:58:00,275,27,1,0
1075184,8:58:00,8:58:00,275,27,1,0
1075185,21:24:00,21:24:00,275,27,1,0
1075186,20:24:00,20:24:00,275,27,1,0
1075187,19:24:00,19:24:00,275,27,1,0
1075188,18:28:00,18:28:00,275,27,1,0
1075189,17:28:00,17:28:00,275,27,1,0
1075190,16:28:00,16:28:00,275,27,1,0
1075191,15:28:00,15:28:00,275,27,1,0
1075192,14:28:00,14:28:00,275,27,1,0
1075193,13:28:00,13:28:00,275,27,1,0
1075194,12:28:00,12:28:00,275,27,1,0
1075195,11:28:00,11:28:00,275,27,1,0
1075196,10:28:00,10:28:00,275,27,1,0
1075197,9:28:00,9:28:00,275,27,1,0
1075198,8:28:00,8:28:00,275,27,1,0
1075199,7:28:00,7:28:00,275,27,1,0
1075200,20:30:00,20:30:00,275,1,0,0
1075201,19:30:00,19:30:00,275,1,0,0
1075202,18:30:00,18:30:00,275,1,0,0
1075203,17:30:00,17:30:00,275,1,0,0
1075204,16:30:00,16:30:00,275,1,0,0
1075205,15:30:00,15:30:00,275,1,0,0
1075206,14:30:00,14:30:00,275,1,0,0
1075207,13:30:00,13:30:00,275,1,0,0
1075208,12:30:00,12:30:00,275,1,0,0
1075209,11:30:00,11:30:00,275,1,0,0
1075210,10:30:00,10:30:00,275,1,0,0
1075211,9:30:00,9:30:00,275,1,0,0
1075212,8:30:00,8:30:00,275,1,0,0
1075213,7:30:00,7:30:00,275,1,0,0
1075214,6:30:00,6:30:00,275,1,0,0
1075215,21:24:00,21:24:00,275,27,1,0
1075216,20:24:00,20:24:00,275,27,1,0
1075217,19:24:00,19:24:00,275,27,1,0
1075218,18:28:00,18:28:00,275,27,1,0
1075219,17:28:00,17:28:00,275,27,1,0
1075220,16:28:00,16:28:00,275,27,1,0
1075221,15:28:00,15:28:00,275,27,1,0
1075222,14:28:00,14:28:00,275,27,1,0
1075223,13:28:00,13:28:00,275,27,1,0
1075224,12:28:00,12:28:00,275,27,1,0
1075225,11:28:00,11:28:00,275,27,1,0
1075226,10:28:00,10:28:00,275,27,1,0
1075227,9:28:00,9:28:00,275,27,1,0
1075228,8:28:00,8:28:00,275,27,1,0
1075229,7:28:00,7:28:00,275,27,1,0
1076958,21:52:00,21:52:00,275,41,0,0
1076959,21:22:00,21:22:00,275,41,0,0
1076960,20:52:00,20:52:00,275,41,0,0
1076961,20:22:00,20:22:00,275,41,0,0
1076962,19:52:00,19:52:00,275,41,0,0
1076963,19:22:00,19:22:00,275,41,0,0
1076964,18:52:00,18:52:00,275,41,0,0
1076965,18:22:00,18:22:00,275,41,0,0
1076966,17:56:00,17:56:00,275,41,0,0
1076967,17:26:00,17:26:00,275,41,0,0
1076968,16:56:00,16:56:00,275,41,0,0
1076969,16:26:00,16:26:00,275,41,0,0
1076970,15:56:00,15:56:00,275,41,0,0
1076971,15:26:00,15:26:00,275,41,0,0
1076972,14:56:00,14:56:00,275,41,0,0
1076973,14:26:00,14:26:00,275,41,0,0
1076974,13:53:00,13:53:00,275,41,0,0
1076975,13:23:00,13:23:00,275,41,0,0
1076976,12:53:00,12:53:00,275,41,0,0
1076977,12:23:00,12:23:00,275,41,0,0
1076978,11:52:00,11:52:00,275,41,0,0
1076979,11:22:00,11:22:00,275,41,0,0
1076980,10:52:00,10:52:00,275,41,0,0
1076981,10:22:00,10:22:00,275,41,0,0
1076982,9:52:00,9:52:00,275,41,0,0
1076983,9:22:00,9:22:00,275,41,0,0
1076984,8:52:00,8:52:00,275,41,0,0
1076985,8:22:00,8:22:00,275,41,0,0
1076986,7:52:00,7:52:00,275,41,0,0
1076987,7:21:00,7:21:00,275,41,0,0
1076988,6:51:00,6:51:00,275,41,0,0
1076989,6:21:00,6:21:00,275,41,0,0
1076990,5:51:00,5:51:00,275,41,0,0
1076991,15:41:00,15:41:00,275,41,0,0
1076992,22:24:00,22:24:00,275,3,0,0
1076993,21:54:00,21:54:00,275,3,0,0
1076994,21:24:00,21:24:00,275,3,0,0
1076995,20:54:00,20:54:00,275,3,0,0
1076996,20:24:00,20:24:00,275,3,0,0
1076997,19:54:00,19:54:00,275,3,0,0
1076998,19:24:00,19:24:00,275,3,0,0
1076999,18:54:00,18:54:00,275,3,0,0
1077000,18:24:00,18:24:00,275,3,0,0
1077001,17:54:00,17:54:00,275,3,0,0
1077002,17:24:00,17:24:00,275,3,0,0
1077003,16:54:00,16:54:00,275,3,0,0
1077004,16:24:00,16:24:00,275,3,0,0
1077005,15:54:00,15:54:00,275,3,0,0
1077006,15:24:00,15:24:00,275,3,0,0
1077007,14:54:00,14:54:00,275,3,0,0
1077008,14:24:00,14:24:00,275,3,0,0
1077009,13:54:00,13:54:00,275,3,0,0
1077010,13:24:00,13:24:00,275,3,0,0
1077011,12:54:00,12:54:00,275,3,0,0
1077012,12:24:00,12:24:00,275,3,0,0
1077013,11:54:00,11:54:00,275,3,0,0
1077014,11:24:00,11:24:00,275,3,0,0
1077015,10:54:00,10:54:00,275,3,0,0
1077016,10:24:00,10:24:00,275,3,0,0
1077017,9:54:00,9:54:00,275,3,0,0
1077018,9:24:00,9:24:00,275,3,0,0
1077019,8:54:00,8:54:00,275,3,0,0
1077020,8:24:00,8:24:00,275,3,0,0
1077021,7:54:00,7:54:00,275,3,0,0
1077022,7:27:00,7:27:00,275,3,0,0
1077023,6:54:00,6:54:00,275,3,0,0
1077024,6:24:00,6:24:00,275,3,0,0
1077025,7:13:00,7:13:00,275,3,0,0
1077026,21:23:00,21:23:00,275,41,0,0
1077027,20:23:00,20:23:00,275,41,0,0
1077028,19:23:00,19:23:00,275,41,0,0
1077029,18:38:00,18:38:00,275,41,0,0
1077030,17:53:00,17:53:00,275,41,0,0
1077031,17:08:00,17:08:00,275,41,0,0
1077032,16:23:00,16:23:00,275,41,0,0
1077033,15:38:00,15:38:00,275,41,0,0
1077034,14:53:00,14:53:00,275,41,0,0
1077035,14:08:00,14:08:00,275,41,0,0
1077036,13:23:00,13:23:00,275,41,0,0
1077037,12:38:00,12:38:00,275,41,0,0
1077038,11:53:00,11:53:00,275,41,0,0
1077039,11:08:00,11:08:00,275,41,0,0
1077040,10:23:00,10:23:00,275,41,0,0
1077041,9:38:00,9:38:00,275,41,0,0
1077042,8:53:00,8:53:00,275,41,0,0
1077043,7:53:00,7:53:00,275,41,0,0
1077044,6:53:00,6:53:00,275,41,0,0
1077045,21:54:00,21:54:00,275,3,0,0
1077046,20:54:00,20:54:00,275,3,0,0
1077047,19:54:00,19:54:00,275,3,0,0
1077048,19:09:00,19:09:00,275,3,0,0
1077049,18:24:00,18:24:00,275,3,0,0
1077050,17:39:00,17:39:00,275,3,0,0
1077051,16:54:00,16:54:00,275,3,0,0
1077052,16:09:00,16:09:00,275,3,0,0
1077053,15:24:00,15:24:00,275,3,0,0
1077054,14:39:00,14:39:00,275,3,0,0
1077055,13:54:00,13:54:00,275,3,0,0
1077056,13:09:00,13:09:00,275,3,0,0
1077057,12:24:00,12:24:00,275,3,0,0
1077058,11:39:00,11:39:00,275,3,0,0
1077059,10:54:00,10:54:00,275,3,0,0
1077060,10:09:00,10:09:00,275,3,0,0
1077061,9:24:00,9:24:00,275,3,0,0
1077062,8:24:00,8:24:00,275,3,0,0
1077063,7:24:00,7:24:00,275,3,0,0
1077064,21:53:00,21:53:00,275,41,0,0
1077065,20:53:00,20:53:00,275,41,0,0
1077066,19:53:00,19:53:00,275,41,0,0
1077067,18:53:00,18:53:00,275,41,0,0
1077068,18:08:00,18:08:00,275,41,0,0
1077069,17:23:00,17:23:00,275,41,0,0
1077070,16:38:00,16:38:00,275,41,0,0
1077071,15:53:00,15:53:00,275,41,0,0
1077072,15:08:00,15:08:00,275,41,0,0
1077073,14:23:00,14:23:00,275,41,0,0
1077074,13:38:00,13:38:00,275,41,0,0
1077075,12:53:00,12:53:00,275,41,0,0
1077076,12:08:00,12:08:00,275,41,0,0
1077077,11:23:00,11:23:00,275,41,0,0
1077078,10:38:00,10:38:00,275,41,0,0
1077079,9:53:00,9:53:00,275,41,0,0
1077080,8:53:00,8:53:00,275,41,0,0
1077081,7:53:00,7:53:00,275,41,0,0
1077082,20:24:00,20:24:00,275,3,0,0
1077083,19:24:00,19:24:00,275,3,0,0
1077084,18:39:00,18:39:00,275,3,0,0
1077085,17:54:00,17:54:00,275,3,0,0
1077086,17:09:00,17:09:00,275,3,0,0
1077087,16:24:00,16:24:00,275,3,0,0
1077088,15:39:00,15:39:00,275,3,0,0
1077089,14:54:00,14:54:00,275,3,0,0
1077090,14:09:00,14:09:00,275,3,0,0
1077091,13:24:00,13:24:00,275,3,0,0
1077092,12:39:00,12:39:00,275,3,0,0
1077093,11:54:00,11:54:00,275,3,0,0
1077094,11:09:00,11:09:00,275,3,0,0
1077095,10:24:00,10:24:00,275,3,0,0
1077096,9:24:00,9:24:00,275,3,0,0
1077097,8:24:00,8:24:00,275,3,0,0
1077372,21:09:00,21:09:00,275,3,0,0
1077373,20:39:00,20:39:00,275,3,0,0
1077374,19:39:00,19:39:00,275,3,0,0
1077375,20:09:00,20:09:00,275,3,0,0
1077376,19:09:00,19:09:00,275,3,0,0
1077377,18:39:00,18:39:00,275,3,0,0
1077378,18:09:00,18:09:00,275,3,0,0
1077379,17:39:00,17:39:00,275,3,0,0
1077380,17:09:00,17:09:00,275,3,0,0
1077381,16:39:00,16:39:00,275,3,0,0
1077382,16:09:00,16:09:00,275,3,0,0
1077383,15:39:00,15:39:00,275,3,0,0
1077384,15:09:00,15:09:00,275,3,0,0
1077385,14:39:00,14:39:00,275,3,0,0
1077386,14:09:00,14:09:00,275,3,0,0
1077387,13:39:00,13:39:00,275,3,0,0
1077388,13:09:00,13:09:00,275,3,0,0
1077389,12:39:00,12:39:00,275,3,0,0
1077390,12:09:00,12:09:00,275,3,0,0
1077391,11:39:00,11:39:00,275,3,0,0
1077392,11:09:00,11:09:00,275,3,0,0
1077393,10:39:00,10:39:00,275,3,0,0
1077394,10:09:00,10:09:00,275,3,0,0
1077395,9:39:00,9:39:00,275,3,0,0
1077396,9:09:00,9:09:00,275,3,0,0
1077397,8:39:00,8:39:00,275,3,0,0
1077398,8:09:00,8:09:00,275,3,0,0
1077399,7:39:00,7:39:00,275,3,0,0
1077400,7:09:00,7:09:00,275,3,0,0
1077401,6:39:00,6:39:00,275,3,0,0
1077402,6:09:00,6:09:00,275,3,0,0
1077403,21:07:00,21:07:00,275,18,0,0
1077404,20:07:00,20:07:00,275,18,0,0
1077405,20:37:00,20:37:00,275,18,0,0
1077406,19:37:00,19:37:00,275,18,0,0
1077407,19:07:00,19:07:00,275,18,0,0
1077408,18:37:00,18:37:00,275,18,0,0
1077409,18:07:00,18:07:00,275,18,0,0
1077410,17:37:00,17:37:00,275,18,0,0
1077411,17:07:00,17:07:00,275,18,0,0
1077412,16:37:00,16:37:00,275,18,0,0
1077413,16:07:00,16:07:00,275,18,0,0
1077414,15:37:00,15:37:00,275,18,0,0
1077415,15:07:00,15:07:00,275,18,0,0
1077416,14:37:00,14:37:00,275,18,0,0
1077417,14:07:00,14:07:00,275,18,0,0
1077418,13:37:00,13:37:00,275,18,0,0
1077419,13:07:00,13:07:00,275,18,0,0
1077420,12:37:00,12:37:00,275,18,0,0
1077421,12:07:00,12:07:00,275,18,0,0
1077422,11:37:00,11:37:00,275,18,0,0
1077423,11:07:00,11:07:00,275,18,0,0
1077424,10:37:00,10:37:00,275,18,0,0
1077425,10:07:00,10:07:00,275,18,0,0
1077426,9:37:00,9:37:00,275,18,0,0
1077427,9:07:00,9:07:00,275,18,0,0
1077428,8:37:00,8:37:00,275,18,0,0
1077429,8:07:00,8:07:00,275,18,0,0
1077430,7:37:00,7:37:00,275,18,0,0
1077431,7:07:00,7:07:00,275,18,0,0
1077432,8:22:00,8:22:00,275,18,0,0
1077433,6:55:00,6:55:00,275,3,0,0
1077434,21:25:00,21:25:00,275,3,0,0
1077435,20:25:00,20:25:00,275,3,0,0
1077436,19:40:00,19:40:00,275,3,0,0
1077437,18:55:00,18:55:00,275,3,0,0
1077438,18:10:00,18:10:00,275,3,0,0
1077439,17:25:00,17:25:00,275,3,0,0
1077440,16:40:00,16:40:00,275,3,0,0
1077441,15:55:00,15:55:00,275,3,0,0
1077442,15:10:00,15:10:00,275,3,0,0
1077443,14:25:00,14:25:00,275,3,0,0
1077444,13:40:00,13:40:00,275,3,0,0
1077445,12:55:00,12:55:00,275,3,0,0
1077446,12:10:00,12:10:00,275,3,0,0
1077447,11:25:00,11:25:00,275,3,0,0
1077448,10:40:00,10:40:00,275,3,0,0
1077449,9:55:00,9:55:00,275,3,0,0
1077450,8:55:00,8:55:00,275,3,0,0
1077451,7:55:00,7:55:00,275,3,0,0
1077452,21:53:00,21:53:00,275,18,0,0
1077453,20:53:00,20:53:00,275,18,0,0
1077454,19:53:00,19:53:00,275,18,0,0
1077455,19:08:00,19:08:00,275,18,0,0
1077456,18:23:00,18:23:00,275,18,0,0
1077457,17:38:00,17:38:00,275,18,0,0
1077458,16:53:00,16:53:00,275,18,0,0
1077459,16:08:00,16:08:00,275,18,0,0
1077460,15:23:00,15:23:00,275,18,0,0
1077461,14:38:00,14:38:00,275,18,0,0
1077462,13:53:00,13:53:00,275,18,0,0
1077463,13:08:00,13:08:00,275,18,0,0
1077464,12:23:00,12:23:00,275,18,0,0
1077465,11:38:00,11:38:00,275,18,0,0
1077466,10:53:00,10:53:00,275,18,0,0
1077467,10:08:00,10:08:00,275,18,0,0
1077468,9:23:00,9:23:00,275,18,0,0
1077469,8:23:00,8:23:00,275,18,0,0
1077470,7:23:00,7:23:00,275,18,0,0
1077471,6:55:00,6:55:00,275,3,0,0
1077472,20:55:00,20:55:00,275,3,0,0
1077473,19:55:00,19:55:00,275,3,0,0
1077474,19:10:00,19:10:00,275,3,0,0
1077475,18:25:00,18:25:00,275,3,0,0
1077476,17:40:00,17:40:00,275,3,0,0
1077477,16:55:00,16:55:00,275,3,0,0
1077478,16:10:00,16:10:00,275,3,0,0
1077479,15:25:00,15:25:00,275,3,0,0
1077480,14:40:00,14:40:00,275,3,0,0
1077481,13:55:00,13:55:00,275,3,0,0
1077482,13:10:00,13:10:00,275,3,0,0
1077483,12:25:00,12:25:00,275,3,0,0
1077484,11:40:00,11:40:00,275,3,0,0
1077485,10:55:00,10:55:00,275,3,0,0
1077486,9:55:00,9:55:00,275,3,0,0
1077487,8:55:00,8:55:00,275,3,0,0
1077488,7:55:00,7:55:00,275,3,0,0
1077489,21:23:00,21:23:00,275,18,0,0
1077490,20:23:00,20:23:00,275,18,0,0
1077491,19:23:00,19:23:00,275,18,0,0
1077492,18:38:00,18:38:00,275,18,0,0
1077493,17:53:00,17:53:00,275,18,0,0
1077494,17:08:00,17:08:00,275,18,0,0
1077495,16:23:00,16:23:00,275,18,0,0
1077496,15:38:00,15:38:00,275,18,0,0
1077497,14:53:00,14:53:00,275,18,0,0
1077498,14:08:00,14:08:00,275,18,0,0
1077499,13:23:00,13:23:00,275,18,0,0
1077500,12:38:00,12:38:00,275,18,0,0
1077501,11:53:00,11:53:00,275,18,0,0
1077502,11:08:00,11:08:00,275,18,0,0
1077503,10:23:00,10:23:00,275,18,0,0
1077504,9:23:00,9:23:00,275,18,0,0
1077505,8:23:00,8:23:00,275,18,0,0
1077506,7:23:00,7:23:00,275,18,0,0
1077808,7:03:00,7:03:00,275,1,0,0
1077808,7:16:00,7:16:00,275,21,0,0
1077809,14:58:00,14:58:00,275,36,0,0
1077809,15:11:00,15:11:00,275,56,1,0
1076958,21:44:00,21:44:00,1660,36,0,0
1076959,21:14:00,21:14:00,1660,36,0,0
1076960,20:44:00,20:44:00,1660,36,0,0
1076961,20:14:00,20:14:00,1660,36,0,0
1076962,19:44:00,19:44:00,1660,36,0,0
1076963,19:14:00,19:14:00,1660,36,0,0
1076964,18:44:00,18:44:00,1660,36,0,0
1076965,18:14:00,18:14:00,1660,36,0,0
1076966,17:47:00,17:47:00,1660,36,0,0
1076967,17:17:00,17:17:00,1660,36,0,0
1076968,16:47:00,16:47:00,1660,36,0,0
1076969,16:17:00,16:17:00,1660,36,0,0
1076970,15:47:00,15:47:00,1660,36,0,0
1076971,15:17:00,15:17:00,1660,36,0,0
1076972,14:47:00,14:47:00,1660,36,0,0
1076973,14:17:00,14:17:00,1660,36,0,0
1076974,13:45:00,13:45:00,1660,36,0,0
1076975,13:15:00,13:15:00,1660,36,0,0
1076976,12:45:00,12:45:00,1660,36,0,0
1076977,12:15:00,12:15:00,1660,36,0,0
1076978,11:44:00,11:44:00,1660,36,0,0
1076979,11:14:00,11:14:00,1660,36,0,0
1076980,10:44:00,10:44:00,1660,36,0,0
1076981,10:14:00,10:14:00,1660,36,0,0
1076982,9:44:00,9:44:00,1660,36,0,0
1076983,9:14:00,9:14:00,1660,36,0,0
1076984,8:44:00,8:44:00,1660,36,0,0
1076985,8:14:00,8:14:00,1660,36,0,0
1076986,7:44:00,7:44:00,1660,36,0,0
1076987,7:13:00,7:13:00,1660,36,0,0
1076988,6:43:00,6:43:00,1660,36,0,0
1076989,6:13:00,6:13:00,1660,36,0,0
1076990,5:43:00,5:43:00,1660,36,0,0
1076991,15:32:00,15:32:00,1660,36,0,0
1077026,21:16:00,21:16:00,1660,36,0,0
1077027,20:16:00,20:16:00,1660,36,0,0
1077028,19:16:00,19:16:00,1660,36,0,0
1077029,18:31:00,18:31:00,1660,36,0,0
1077030,17:46:00,17:46:00,1660,36,0,0
1077031,17:01:00,17:01:00,1660,36,0,0
1077032,16:16:00,16:16:00,1660,36,0,0
1077033,15:31:00,15:31:00,1660,36,0,0
1077034,14:46:00,14:46:00,1660,36,0,0
1077035,14:01:00,14:01:00,1660,36,0,0
1077036,13:16:00,13:16:00,1660,36,0,0
1077037,12:31:00,12:31:00,1660,36,0,0
1077038,11:46:00,11:46:00,1660,36,0,0
1077039,11:01:00,11:01:00,1660,36,0,0
1077040,10:16:00,10:16:00,1660,36,0,0
1077041,9:31:00,9:31:00,1660,36,0,0
1077042,8:46:00,8:46:00,1660,36,0,0
1077043,7:46:00,7:46:00,1660,36,0,0
1077044,6:46:00,6:46:00,1660,36,0,0
1077064,21:47:00,21:47:00,1660,36,0,0
1077065,20:47:00,20:47:00,1660,36,0,0
1077066,19:47:00,19:47:00,1660,36,0,0
1077067,18:47:00,18:47:00,1660,36,0,0
1077068,18:02:00,18:02:00,1660,36,0,0
1077069,17:17:00,17:17:00,1660,36,0,0
1077070,16:32:00,16:32:00,1660,36,0,0
1077071,15:47:00,15:47:00,1660,36,0,0
1077072,15:02:00,15:02:00,1660,36,0,0
1077073,14:17:00,14:17:00,1660,36,0,0
1077074,13:32:00,13:32:00,1660,36,0,0
1077075,12:47:00,12:47:00,1660,36,0,0
1077076,12:02:00,12:02:00,1660,36,0,0
1077077,11:17:00,11:17:00,1660,36,0,0
1077078,10:32:00,10:32:00,1660,36,0,0
1077079,9:47:00,9:47:00,1660,36,0,0
1077080,8:47:00,8:47:00,1660,36,0,0
1077081,7:47:00,7:47:00,1660,36,0,0
1076958,21:45:00,21:45:00,3190,37,0,0
1076959,21:15:00,21:15:00,3190,37,0,0
1076960,20:45:00,20:45:00,3190,37,0,0
1076961,20:15:00,20:15:00,3190,37,0,0
1076962,19:45:00,19:45:00,3190,37,0,0
1076963,19:15:00,19:15:00,3190,37,0,0
1076964,18:45:00,18:45:00,3190,37,0,0
1076965,18:15:00,18:15:00,3190,37,0,0
1076966,17:48:00,17:48:00,3190,37,0,0
1076967,17:18:00,17:18:00,3190,37,0,0
1076968,16:48:00,16:48:00,3190,37,0,0
1076969,16:18:00,16:18:00,3190,37,0,0
1076970,15:48:00,15:48:00,3190,37,0,0
1076971,15:18:00,15:18:00,3190,37,0,0
1076972,14:48:00,14:48:00,3190,37,0,0
1076973,14:18:00,14:18:00,3190,37,0,0
1076974,13:45:00,13:45:00,3190,37,0,0
1076975,13:15:00,13:15:00,3190,37,0,0
1076976,12:45:00,12:45:00,3190,37,0,0
1076977,12:15:00,12:15:00,3190,37,0,0
1076978,11:44:00,11:44:00,3190,37,0,0
1076979,11:14:00,11:14:00,3190,37,0,0
1076980,10:44:00,10:44:00,3190,37,0,0
1076981,10:14:00,10:14:00,3190,37,0,0
1076982,9:44:00,9:44:00,3190,37,0,0
1076983,9:14:00,9:14:00,3190,37,0,0
1076984,8:44:00,8:44:00,3190,37,0,0
1076985,8:14:00,8:14:00,3190,37,0,0
1076986,7:44:00,7:44:00,3190,37,0,0
1076987,7:14:00,7:14:00,3190,37,0,0
1076988,6:44:00,6:44:00,3190,37,0,0
1076989,6:14:00,6:14:00,3190,37,0,0
1076990,5:44:00,5:44:00,3190,37,0,0
1076991,15:33:00,15:33:00,3190,37,0,0
1077026,21:17:00,21:17:00,3190,37,0,0
1077027,20:17:00,20:17:00,3190,37,0,0
1077028,19:17:00,19:17:00,3190,37,0,0
1077029,18:32:00,18:32:00,3190,37,0,0
1077030,17:47:00,17:47:00,3190,37,0,0
1077031,17:02:00,17:02:00,3190,37,0,0
1077032,16:17:00,16:17:00,3190,37,0,0
1077033,15:32:00,15:32:00,3190,37,0,0
1077034,14:47:00,14:47:00,3190,37,0,0
1077035,14:02:00,14:02:00,3190,37,0,0
1077036,13:17:00,13:17:00,3190,37,0,0
1077037,12:32:00,12:32:00,3190,37,0,0
1077038,11:47:00,11:47:00,3190,37,0,0
1077039,11:02:00,11:02:00,3190,37,0,0
1077040,10:17:00,10:17:00,3190,37,0,0
1077041,9:32:00,9:32:00,3190,37,0,0
1077042,8:47:00,8:47:00,3190,37,0,0
1077043,7:47:00,7:47:00,3190,37,0,0
1077044,6:47:00,6:47:00,3190,37,0,0
1077064,21:47:00,21:47:00,3190,37,0,0
1077065,20:47:00,20:47:00,3190,37,0,0
1077066,19:47:00,19:47:00,3190,37,0,0
1077067,18:47:00,18:47:00,3190,37,0,0
1077068,18:02:00,18:02:00,3190,37,0,0
1077069,17:17:00,17:17:00,3190,37,0,0
1077070,16:32:00,16:32:00,3190,37,0,0
1077071,15:47:00,15:47:00,3190,37,0,0
1077072,15:02:00,15:02:00,3190,37,0,0
1077073,14:17:00,14:17:00,3190,37,0,0
1077074,13:32:00,13:32:00,3190,37,0,0
1077075,12:47:00,12:47:00,3190,37,0,0
1077076,12:02:00,12:02:00,3190,37,0,0
1077077,11:17:00,11:17:00,3190,37,0,0
1077078,10:32:00,10:32:00,3190,37,0,0
1077079,9:47:00,9:47:00,3190,37,0,0
1077080,8:47:00,8:47:00,3190,37,0,0
1077081,7:47:00,7:47:00,3190,37,0,0
1077403,21:00:00,21:00:00,3190,14,0,0
1077404,20:00:00,20:00:00,3190,14,0,0
1077405,20:30:00,20:30:00,3190,14,0,0
1077406,19:30:00,19:30:00,3190,14,0,0
1077407,19:00:00,19:00:00,3190,14,0,0
1077408,18:30:00,18:30:00,3190,14,0,0
1077409,18:00:00,18:00:00,3190,14,0,0
1077410,17:29:00,17:29:00,3190,14,0,0
1077411,16:59:00,16:59:00,3190,14,0,0
1077412,16:29:00,16:29:00,3190,14,0,0
1077413,15:59:00,15:59:00,3190,14,0,0
1077414,15:29:00,15:29:00,3190,14,0,0
1077415,14:59:00,14:59:00,3190,14,0,0
1077416,14:29:00,14:29:00,3190,14,0,0
1077417,13:59:00,13:59:00,3190,14,0,0
1077418,13:29:00,13:29:00,3190,14,0,0
1077419,12:59:00,12:59:00,3190,14,0,0
1077420,12:29:00,12:29:00,3190,14,0,0
1077421,11:59:00,11:59:00,3190,14,0,0
1077422,11:29:00,11:29:00,3190,14,0,0
1077423,10:59:00,10:59:00,3190,14,0,0
1077424,10:31:00,10:31:00,3190,14,0,0
1077425,10:01:00,10:01:00,3190,14,0,0
1077426,9:31:00,9:31:00,3190,14,0,0
1077427,9:01:00,9:01:00,3190,14,0,0
1077428,8:29:00,8:29:00,3190,14,0,0
1077429,7:59:00,7:59:00,3190,14,0,0
1077430,7:29:00,7:29:00,3190,14,0,0
1077431,6:59:00,6:59:00,3190,14,0,0
1077432,8:14:00,8:14:00,3190,14,0,0
1077452,21:46:00,21:46:00,3190,14,0,0
1077453,20:46:00,20:46:00,3190,14,0,0
1077454,19:46:00,19:46:00,3190,14,0,0
1077455,19:01:00,19:01:00,3190,14,0,0
1077456,18:16:00,18:16:00,3190,14,0,0
1077457,17:31:00,17:31:00,3190,14,0,0
1077458,16:46:00,16:46:00,3190,14,0,0
1077459,16:01:00,16:01:00,3190,14,0,0
1077460,15:16:00,15:16:00,3190,14,0,0
1077461,14:31:00,14:31:00,3190,14,0,0
1077462,13:46:00,13:46:00,3190,14,0,0
1077463,13:01:00,13:01:00,3190,14,0,0
1077464,12:16:00,12:16:00,3190,14,0,0
1077465,11:31:00,11:31:00,3190,14,0,0
1077466,10:46:00,10:46:00,3190,14,0,0
1077467,10:01:00,10:01:00,3190,14,0,0
1077468,9:16:00,9:16:00,3190,14,0,0
1077469,8:16:00,8:16:00,3190,14,0,0
1077470,7:16:00,7:16:00,3190,14,0,0
1077489,21:16:00,21:16:00,3190,14,0,0
1077490,20:16:00,20:16:00,3190,14,0,0
1077491,19:16:00,19:16:00,3190,14,0,0
1077492,18:31:00,18:31:00,3190,14,0,0
1077493,17:46:00,17:46:00,3190,14,0,0
1077494,17:01:00,17:01:00,3190,14,0,0
1077495,16:16:00,16:16:00,3190,14,0,0
1077496,15:31:00,15:31:00,3190,14,0,0
1077497,14:46:00,14:46:00,3190,14,0,0
1077498,14:01:00,14:01:00,3190,14,0,0
1077499,13:16:00,13:16:00,3190,14,0,0
1077500,12:31:00,12:31:00,3190,14,0,0
1077501,11:46:00,11:46:00,3190,14,0,0
1077502,11:01:00,11:01:00,3190,14,0,0
1077503,10:16:00,10:16:00,3190,14,0,0
1077504,9:16:00,9:16:00,3190,14,0,0
1077505,8:16:00,8:16:00,3190,14,0,0
1077506,7:16:00,7:16:00,3190,14,0,0
1076958,21:46:00,21:46:00,3192,39,0,0
1076959,21:16:00,21:16:00,3192,39,0,0
1076960,20:46:00,20:46:00,3192,39,0,0
1076961,20:16:00,20:16:00,3192,39,0,0
1076962,19:46:00,19:46:00,3192,39,0,0
1076963,19:16:00,19:16:00,3192,39,0,0
1076964,18:46:00,18:46:00,3192,39,0,0
1076965,18:16:00,18:16:00,3192,39,0,0
1076966,17:50:00,17:50:00,3192,39,0,0
1076967,17:20:00,17:20:00,3192,39,0,0
1076968,16:50:00,16:50:00,3192,39,0,0
1076969,16:20:00,16:20:00,3192,39,0,0
1076970,15:50:00,15:50:00,3192,39,0,0
1076971,15:20:00,15:20:00,3192,39,0,0
1076972,14:50:00,14:50:00,3192,39,0,0
1076973,14:20:00,14:20:00,3192,39,0,0
1076974,13:47:00,13:47:00,3192,39,0,0
1076975,13:17:00,13:17:00,3192,39,0,0
1076976,12:47:00,12:47:00,3192,39,0,0
1076977,12:17:00,12:17:00,3192,39,0,0
1076978,11:46:00,11:46:00,3192,39,0,0
1076979,11:16:00,11:16:00,3192,39,0,0
1076980,10:46:00,10:46:00,3192,39,0,0
1076981,10:16:00,10:16:00,3192,39,0,0
1076982,9:46:00,9:46:00,3192,39,0,0
1076983,9:16:00,9:16:00,3192,39,0,0
1076984,8:46:00,8:46:00,3192,39,0,0
1076985,8:16:00,8:16:00,3192,39,0,0
1076986,7:46:00,7:46:00,3192,39,0,0
1076987,7:15:00,7:15:00,3192,39,0,0
1076988,6:45:00,6:45:00,3192,39,0,0
1076989,6:15:00,6:15:00,3192,39,0,0
1076990,5:45:00,5:45:00,3192,39,0,0
1076991,15:35:00,15:35:00,3192,39,0,0
1077026,21:18:00,21:18:00,3192,39,0,0
1077027,20:18:00,20:18:00,3192,39,0,0
1077028,19:18:00,19:18:00,3192,39,0,0
1077029,18:33:00,18:33:00,3192,39,0,0
1077030,17:48:00,17:48:00,3192,39,0,0
1077031,17:03:00,17:03:00,3192,39,0,0
1077032,16:18:00,16:18:00,3192,39,0,0
1077033,15:33:00,15:33:00,3192,39,0,0
1077034,14:48:00,14:48:00,3192,39,0,0
1077035,14:03:00,14:03:00,3192,39,0,0
1077036,13:18:00,13:18:00,3192,39,0,0
1077037,12:33:00,12:33:00,3192,39,0,0
1077038,11:48:00,11:48:00,3192,39,0,0
1077039,11:03:00,11:03:00,3192,39,0,0
1077040,10:18:00,10:18:00,3192,39,0,0
1077041,9:33:00,9:33:00,3192,39,0,0
1077042,8:48:00,8:48:00,3192,39,0,0
1077043,7:48:00,7:48:00,3192,39,0,0
1077044,6:48:00,6:48:00,3192,39,0,0
1077064,21:49:00,21:49:00,3192,39,0,0
1077065,20:49:00,20:49:00,3192,39,0,0
1077066,19:49:00,19:49:00,3192,39,0,0
1077067,18:49:00,18:49:00,3192,39,0,0
1077068,18:04:00,18:04:00,3192,39,0,0
1077069,17:19:00,17:19:00,3192,39,0,0
1077070,16:34:00,16:34:00,3192,39,0,0
1077071,15:49:00,15:49:00,3192,39,0,0
1077072,15:04:00,15:04:00,3192,39,0,0
1077073,14:19:00,14:19:00,3192,39,0,0
1077074,13:34:00,13:34:00,3192,39,0,0
1077075,12:49:00,12:49:00,3192,39,0,0
1077076,12:04:00,12:04:00,3192,39,0,0
1077077,11:19:00,11:19:00,3192,39,0,0
1077078,10:34:00,10:34:00,3192,39,0,0
1077079,9:49:00,9:49:00,3192,39,0,0
1077080,8:49:00,8:49:00,3192,39,0,0
1077081,7:49:00,7:49:00,3192,39,0,0
1077403,21:02:00,21:02:00,3192,16,0,0
1077404,20:02:00,20:02:00,3192,16,0,0
1077405,20:32:00,20:32:00,3192,16,0,0
1077406,19:32:00,19:32:00,3192,16,0,0
1077407,19:02:00,19:02:00,3192,16,0,0
1077408,18:32:00,18:32:00,3192,16,0,0
1077409,18:02:00,18:02:00,3192,16,0,0
1077410,17:31:00,17:31:00,3192,16,0,0
1077411,17:01:00,17:01:00,3192,16,0,0
1077412,16:31:00,16:31:00,3192,16,0,0
1077413,16:01:00,16:01:00,3192,16,0,0
1077414,15:31:00,15:31:00,3192,16,0,0
1077415,15:01:00,15:01:00,3192,16,0,0
1077416,14:31:00,14:31:00,3192,16,0,0
1077417,14:01:00,14:01:00,3192,16,0,0
1077418,13:31:00,13:31:00,3192,16,0,0
1077419,13:01:00,13:01:00,3192,16,0,0
1077420,12:31:00,12:31:00,3192,16,0,0
1077421,12:01:00,12:01:00,3192,16,0,0
1077422,11:31:00,11:31:00,3192,16,0,0
1077423,11:01:00,11:01:00,3192,16,0,0
1077424,10:32:00,10:32:00,3192,16,0,0
1077425,10:02:00,10:02:00,3192,16,0,0
1077426,9:32:00,9:32:00,3192,16,0,0
1077427,9:02:00,9:02:00,3192,16,0,0
1077428,8:31:00,8:31:00,3192,16,0,0
1077429,8:01:00,8:01:00,3192,16,0,0
1077430,7:31:00,7:31:00,3192,16,0,0
1077431,7:01:00,7:01:00,3192,16,0,0
1077432,8:16:00,8:16:00,3192,16,0,0
1077452,21:48:00,21:48:00,3192,16,0,0
1077453,20:48:00,20:48:00,3192,16,0,0
1077454,19:48:00,19:48:00,3192,16,0,0
1077455,19:03:00,19:03:00,3192,16,0,0
1077456,18:18:00,18:18:00,3192,16,0,0
1077457,17:33:00,17:33:00,3192,16,0,0
1077458,16:48:00,16:48:00,3192,16,0,0
1077459,16:03:00,16:03:00,3192,16,0,0
1077460,15:18:00,15:18:00,3192,16,0,0
1077461,14:33:00,14:33:00,3192,16,0,0
1077462,13:48:00,13:48:00,3192,16,0,0
1077463,13:03:00,13:03:00,3192,16,0,0
1077464,12:18:00,12:18:00,3192,16,0,0
1077465,11:33:00,11:33:00,3192,16,0,0
1077466,10:48:00,10:48:00,3192,16,0,0
1077467,10:03:00,10:03:00,3192,16,0,0
1077468,9:18:00,9:18:00,3192,16,0,0
1077469,8:18:00,8:18:00,3192,16,0,0
1077470,7:18:00,7:18:00,3192,16,0,0
1077489,21:18:00,21:18:00,3192,16,0,0
1077490,20:18:00,20:18:00,3192,16,0,0
1077491,19:18:00,19:18:00,3192,16,0,0
1077492,18:33:00,18:33:00,3192,16,0,0
1077493,17:48:00,17:48:00,3192,16,0,0
1077494,17:03:00,17:03:00,3192,16,0,0
1077495,16:18:00,16:18:00,3192,16,0,0
1077496,15:33:00,15:33:00,3192,16,0,0
1077497,14:48:00,14:48:00,3192,16,0,0
1077498,14:03:00,14:03:00,3192,16,0,0
1077499,13:18:00,13:18:00,3192,16,0,0
1077500,12:33:00,12:33:00,3192,16,0,0
1077501,11:48:00,11:48:00,3192,16,0,0
1077502,11:03:00,11:03:00,3192,16,0,0
1077503,10:18:00,10:18:00,3192,16,0,0
1077504,9:18:00,9:18:00,3192,16,0,0
1077505,8:18:00,8:18:00,3192,16,0,0
1077506,7:18:00,7:18:00,3192,16,0,0
1076958,21:48:00,21:48:00,3193,40,0,0
1076959,21:18:00,21:18:00,3193,40,0,0
1076960,20:48:00,20:48:00,3193,40,0,0
1076961,20:18:00,20:18:00,3193,40,0,0
1076962,19:48:00,19:48:00,3193,40,0,0
1076963,19:18:00,19:18:00,3193,40,0,0
1076964,18:48:00,18:48:00,3193,40,0,0
1076965,18:18:00,18:18:00,3193,40,0,0
1076966,17:51:00,17:51:00,3193,40,0,0
1076967,17:21:00,17:21:00,3193,40,0,0
1076968,16:51:00,16:51:00,3193,40,0,0
1076969,16:21:00,16:21:00,3193,40,0,0
1076970,15:51:00,15:51:00,3193,40,0,0
1076971,15:21:00,15:21:00,3193,40,0,0
1076972,14:51:00,14:51:00,3193,40,0,0
1076973,14:21:00,14:21:00,3193,40,0,0
1076974,13:49:00,13:49:00,3193,40,0,0
1076975,13:19:00,13:19:00,3193,40,0,0
1076976,12:49:00,12:49:00,3193,40,0,0
1076977,12:19:00,12:19:00,3193,40,0,0
1076978,11:48:00,11:48:00,3193,40,0,0
1076979,11:18:00,11:18:00,3193,40,0,0
1076980,10:48:00,10:48:00,3193,40,0,0
1076981,10:18:00,10:18:00,3193,40,0,0
1076982,9:48:00,9:48:00,3193,40,0,0
1076983,9:18:00,9:18:00,3193,40,0,0
1076984,8:48:00,8:48:00,3193,40,0,0
1076985,8:18:00,8:18:00,3193,40,0,0
1076986,7:48:00,7:48:00,3193,40,0,0
1076987,7:17:00,7:17:00,3193,40,0,0
1076988,6:47:00,6:47:00,3193,40,0,0
1076989,6:17:00,6:17:00,3193,40,0,0
1076990,5:47:00,5:47:00,3193,40,0,0
1076991,15:36:00,15:36:00,3193,40,0,0
1077026,21:20:00,21:20:00,3193,40,0,0
1077027,20:20:00,20:20:00,3193,40,0,0
1077028,19:20:00,19:20:00,3193,40,0,0
1077029,18:35:00,18:35:00,3193,40,0,0
1077030,17:50:00,17:50:00,3193,40,0,0
1077031,17:05:00,17:05:00,3193,40,0,0
1077032,16:20:00,16:20:00,3193,40,0,0
1077033,15:35:00,15:35:00,3193,40,0,0
1077034,14:50:00,14:50:00,3193,40,0,0
1077035,14:05:00,14:05:00,3193,40,0,0
1077036,13:20:00,13:20:00,3193,40,0,0
1077037,12:35:00,12:35:00,3193,40,0,0
1077038,11:50:00,11:50:00,3193,40,0,0
1077039,11:05:00,11:05:00,3193,40,0,0
1077040,10:20:00,10:20:00,3193,40,0,0
1077041,9:35:00,9:35:00,3193,40,0,0
1077042,8:50:00,8:50:00,3193,40,0,0
1077043,7:50:00,7:50:00,3193,40,0,0
1077044,6:50:00,6:50:00,3193,40,0,0
1077064,21:50:00,21:50:00,3193,40,0,0
1077065,20:50:00,20:50:00,3193,40,0,0
1077066,19:50:00,19:50:00,3193,40,0,0
1077067,18:50:00,18:50:00,3193,40,0,0
1077068,18:05:00,18:05:00,3193,40,0,0
1077069,17:20:00,17:20:00,3193,40,0,0
1077070,16:35:00,16:35:00,3193,40,0,0
1077071,15:50:00,15:50:00,3193,40,0,0
1077072,15:05:00,15:05:00,3193,40,0,0
1077073,14:20:00,14:20:00,3193,40,0,0
1077074,13:35:00,13:35:00,3193,40,0,0
1077075,12:50:00,12:50:00,3193,40,0,0
1077076,12:05:00,12:05:00,3193,40,0,0
1077077,11:20:00,11:20:00,3193,40,0,0
1077078,10:35:00,10:35:00,3193,40,0,0
1077079,9:50:00,9:50:00,3193,40,0,0
1077080,8:50:00,8:50:00,3193,40,0,0
1077081,7:50:00,7:50:00,3193,40,0,0
1077403,21:03:00,21:03:00,3193,17,0,0
1077404,20:03:00,20:03:00,3193,17,0,0
1077405,20:33:00,20:33:00,3193,17,0,0
1077406,19:33:00,19:33:00,3193,17,0,0
1077407,19:03:00,19:03:00,3193,17,0,0
1077408,18:33:00,18:33:00,3193,17,0,0
1077409,18:03:00,18:03:00,3193,17,0,0
1077410,17:33:00,17:33:00,3193,17,0,0
1077411,17:03:00,17:03:00,3193,17,0,0
1077412,16:33:00,16:33:00,3193,17,0,0
1077413,16:03:00,16:03:00,3193,17,0,0
1077414,15:33:00,15:33:00,3193,17,0,0
1077415,15:03:00,15:03:00,3193,17,0,0
1077416,14:33:00,14:33:00,3193,17,0,0
1077417,14:03:00,14:03:00,3193,17,0,0
1077418,13:33:00,13:33:00,3193,17,0,0
1077419,13:03:00,13:03:00,3193,17,0,0
1077420,12:33:00,12:33:00,3193,17,0,0
1077421,12:03:00,12:03:00,3193,17,0,0
1077422,11:33:00,11:33:00,3193,17,0,0
1077423,11:03:00,11:03:00,3193,17,0,0
1077424,10:34:00,10:34:00,3193,17,0,0
1077425,10:04:00,10:04:00,3193,17,0,0
1077426,9:34:00,9:34:00,3193,17,0,0
1077427,9:04:00,9:04:00,3193,17,0,0
1077428,8:33:00,8:33:00,3193,17,0,0
1077429,8:03:00,8:03:00,3193,17,0,0
1077430,7:33:00,7:33:00,3193,17,0,0
1077431,7:03:00,7:03:00,3193,17,0,0
1077432,8:18:00,8:18:00,3193,17,0,0
1077452,21:49:00,21:49:00,3193,17,0,0
1077453,20:49:00,20:49:00,3193,17,0,0
1077454,19:49:00,19:49:00,3193,17,0,0
1077455,19:04:00,19:04:00,3193,17,0,0
1077456,18:19:00,18:19:00,3193,17,0,0
1077457,17:34:00,17:34:00,3193,17,0,0
1077458,16:49:00,16:49:00,3193,17,0,0
1077459,16:04:00,16:04:00,3193,17,0,0
1077460,15:19:00,15:19:00,3193,17,0,0
1077461,14:34:00,14:34:00,3193,17,0,0
1077462,13:49:00,13:49:00,3193,17,0,0
1077463,13:04:00,13:04:00,3193,17,0,0
1077464,12:19:00,12:19:00,3193,17,0,0
1077465,11:34:00,11:34:00,3193,17,0,0
1077466,10:49:00,10:49:00,3193,17,0,0
1077467,10:04:00,10:04:00,3193,17,0,0
1077468,9:19:00,9:19:00,3193,17,0,0
1077469,8:19:00,8:19:00,3193,17,0,0
1077470,7:19:00,7:19:00,3193,17,0,0
1077489,21:19:00,21:19:00,3193,17,0,0
1077490,20:19:00,20:19:00,3193,17,0,0
1077491,19:19:00,19:19:00,3193,17,0,0
1077492,18:34:00,18:34:00,3193,17,0,0
1077493,17:49:00,17:49:00,3193,17,0,0
1077494,17:04:00,17:04:00,3193,17,0,0
1077495,16:19:00,16:19:00,3193,17,0,0
1077496,15:34:00,15:34:00,3193,17,0,0
1077497,14:49:00,14:49:00,3193,17,0,0
1077498,14:04:00,14:04:00,3193,17,0,0
1077499,13:19:00,13:19:00,3193,17,0,0
1077500,12:34:00,12:34:00,3193,17,0,0
1077501,11:49:00,11:49:00,3193,17,0,0
1077502,11:04:00,11:04:00,3193,17,0,0
1077503,10:19:00,10:19:00,3193,17,0,0
1077504,9:19:00,9:19:00,3193,17,0,0
1077505,8:19:00,8:19:00,3193,17,0,0
1077506,7:19:00,7:19:00,3193,17,0,0
1077403,20:57:00,20:57:00,3185,10,0,0
1077404,19:57:00,19:57:00,3185,10,0,0
1077405,20:27:00,20:27:00,3185,10,0,0
1077406,19:27:00,19:27:00,3185,10,0,0
1077407,18:57:00,18:57:00,3185,10,0,0
1077408,18:27:00,18:27:00,3185,10,0,0
1077409,17:57:00,17:57:00,3185,10,0,0
1077410,17:25:00,17:25:00,3185,10,0,0
1077411,16:55:00,16:55:00,3185,10,0,0
1077412,16:25:00,16:25:00,3185,10,0,0
1077413,15:55:00,15:55:00,3185,10,0,0
1077414,15:25:00,15:25:00,3185,10,0,0
1077415,14:55:00,14:55:00,3185,10,0,0
1077416,14:25:00,14:25:00,3185,10,0,0
1077417,13:55:00,13:55:00,3185,10,0,0
1077418,13:25:00,13:25:00,3185,10,0,0
1077419,12:55:00,12:55:00,3185,10,0,0
1077420,12:25:00,12:25:00,3185,10,0,0
1077421,11:55:00,11:55:00,3185,10,0,0
1077422,11:25:00,11:25:00,3185,10,0,0
1077423,10:55:00,10:55:00,3185,10,0,0
1077424,10:28:00,10:28:00,3185,10,0,0
1077425,9:58:00,9:58:00,3185,10,0,0
1077426,9:28:00,9:28:00,3185,10,0,0
1077427,8:58:00,8:58:00,3185,10,0,0
1077428,8:25:00,8:25:00,3185,10,0,0
1077429,7:55:00,7:55:00,3185,10,0,0
1077430,7:25:00,7:25:00,3185,10,0,0
1077431,6:55:00,6:55:00,3185,10,0,0
1077432,8:10:00,8:10:00,3185,10,0,0
1077452,21:43:00,21:43:00,3185,10,0,0
1077453,20:43:00,20:43:00,3185,10,0,0
1077454,19:43:00,19:43:00,3185,10,0,0
1077455,18:58:00,18:58:00,3185,10,0,0
1077456,18:13:00,18:13:00,3185,10,0,0
1077457,17:28:00,17:28:00,3185,10,0,0
1077458,16:43:00,16:43:00,3185,10,0,0
1077459,15:58:00,15:58:00,3185,10,0,0
1077460,15:13:00,15:13:00,3185,10,0,0
1077461,14:28:00,14:28:00,3185,10,0,0
1077462,13:43:00,13:43:00,3185,10,0,0
1077463,12:58:00,12:58:00,3185,10,0,0
1077464,12:13:00,12:13:00,3185,10,0,0
1077465,11:28:00,11:28:00,3185,10,0,0
1077466,10:43:00,10:43:00,3185,10,0,0
1077467,9:58:00,9:58:00,3185,10,0,0
1077468,9:13:00,9:13:00,3185,10,0,0
1077469,8:13:00,8:13:00,3185,10,0,0
1077470,7:13:00,7:13:00,3185,10,0,0
1077489,21:13:00,21:13:00,3185,10,0,0
1077490,20:13:00,20:13:00,3185,10,0,0
1077491,19:13:00,19:13:00,3185,10,0,0
1077492,18:28:00,18:28:00,3185,10,0,0
1077493,17:43:00,17:43:00,3185,10,0,0
1077494,16:58:00,16:58:00,3185,10,0,0
1077495,16:13:00,16:13:00,3185,10,0,0
1077496,15:28:00,15:28:00,3185,10,0,0
1077497,14:43:00,14:43:00,3185,10,0,0
1077498,13:58:00,13:58:00,3185,10,0,0
1077499,13:13:00,13:13:00,3185,10,0,0
1077500,12:28:00,12:28:00,3185,10,0,0
1077501,11:43:00,11:43:00,3185,10,0,0
1077502,10:58:00,10:58:00,3185,10,0,0
1077503,10:13:00,10:13:00,3185,10,0,0
1077504,9:13:00,9:13:00,3185,10,0,0
1077505,8:13:00,8:13:00,3185,10,0,0
1077506,7:13:00,7:13:00,3185,10,0,0
1076992,22:29:00,22:29:00,3894,5,0,0
1076993,21:59:00,21:59:00,3894,5,0,0
1076994,21:29:00,21:29:00,3894,5,0,0
1076995,20:59:00,20:59:00,3894,5,0,0
1076996,20:29:00,20:29:00,3894,5,0,0
1076997,19:59:00,19:59:00,3894,5,0,0
1076998,19:29:00,19:29:00,3894,5,0,0
1076999,18:59:00,18:59:00,3894,5,0,0
1077000,18:29:00,18:29:00,3894,5,0,0
1077001,17:59:00,17:59:00,3894,5,0,0
1077002,17:29:00,17:29:00,3894,5,0,0
1077003,16:59:00,16:59:00,3894,5,0,0
1077004,16:29:00,16:29:00,3894,5,0,0
1077005,15:59:00,15:59:00,3894,5,0,0
1077006,15:29:00,15:29:00,3894,5,0,0
1077007,14:59:00,14:59:00,3894,5,0,0
1077008,14:29:00,14:29:00,3894,5,0,0
1077009,13:59:00,13:59:00,3894,5,0,0
1077010,13:29:00,13:29:00,3894,5,0,0
1077011,12:59:00,12:59:00,3894,5,0,0
1077012,12:29:00,12:29:00,3894,5,0,0
1077013,11:59:00,11:59:00,3894,5,0,0
1077014,11:29:00,11:29:00,3894,5,0,0
1077015,10:59:00,10:59:00,3894,5,0,0
1077016,10:29:00,10:29:00,3894,5,0,0
1077017,9:59:00,9:59:00,3894,5,0,0
1077018,9:29:00,9:29:00,3894,5,0,0
1077019,8:59:00,8:59:00,3894,5,0,0
1077020,8:29:00,8:29:00,3894,5,0,0
1077021,7:59:00,7:59:00,3894,5,0,0
1077022,7:32:00,7:32:00,3894,5,0,0
1077023,6:59:00,6:59:00,3894,5,0,0
1077024,6:29:00,6:29:00,3894,5,0,0
1077025,7:18:00,7:18:00,3894,5,0,0
1077045,21:58:00,21:58:00,3894,5,0,0
1077046,20:58:00,20:58:00,3894,5,0,0
1077047,19:58:00,19:58:00,3894,5,0,0
1077048,19:13:00,19:13:00,3894,5,0,0
1077049,18:28:00,18:28:00,3894,5,0,0
1077050,17:43:00,17:43:00,3894,5,0,0
1077051,16:58:00,16:58:00,3894,5,0,0
1077052,16:13:00,16:13:00,3894,5,0,0
1077053,15:28:00,15:28:00,3894,5,0,0
1077054,14:43:00,14:43:00,3894,5,0,0
1077055,13:58:00,13:58:00,3894,5,0,0
1077056,13:13:00,13:13:00,3894,5,0,0
1077057,12:28:00,12:28:00,3894,5,0,0
1077058,11:43:00,11:43:00,3894,5,0,0
1077059,10:58:00,10:58:00,3894,5,0,0
1077060,10:13:00,10:13:00,3894,5,0,0
1077061,9:28:00,9:28:00,3894,5,0,0
1077062,8:28:00,8:28:00,3894,5,0,0
1077063,7:28:00,7:28:00,3894,5,0,0
1077082,20:28:00,20:28:00,3894,5,0,0
1077083,19:28:00,19:28:00,3894,5,0,0
1077084,18:43:00,18:43:00,3894,5,0,0
1077085,17:58:00,17:58:00,3894,5,0,0
1077086,17:13:00,17:13:00,3894,5,0,0
1077087,16:28:00,16:28:00,3894,5,0,0
1077088,15:43:00,15:43:00,3894,5,0,0
1077089,14:58:00,14:58:00,3894,5,0,0
1077090,14:13:00,14:13:00,3894,5,0,0
1077091,13:28:00,13:28:00,3894,5,0,0
1077092,12:43:00,12:43:00,3894,5,0,0
1077093,11:58:00,11:58:00,3894,5,0,0
1077094,11:13:00,11:13:00,3894,5,0,0
1077095,10:28:00,10:28:00,3894,5,0,0
1077096,9:28:00,9:28:00,3894,5,0,0
1077097,8:28:00,8:28:00,3894,5,0,0
1077372,21:13:00,21:13:00,3894,5,0,0
1077373,20:43:00,20:43:00,3894,5,0,0
1077374,19:43:00,19:43:00,3894,5,0,0
1077375,20:13:00,20:13:00,3894,5,0,0
1077376,19:13:00,19:13:00,3894,5,0,0
1077377,18:44:00,18:44:00,3894,5,0,0
1077378,18:14:00,18:14:00,3894,5,0,0
1077379,17:44:00,17:44:00,3894,5,0,0
1077380,17:14:00,17:14:00,3894,5,0,0
1077381,16:44:00,16:44:00,3894,5,0,0
1077382,16:14:00,16:14:00,3894,5,0,0
1077383,15:44:00,15:44:00,3894,5,0,0
1077384,15:14:00,15:14:00,3894,5,0,0
1077385,14:44:00,14:44:00,3894,5,0,0
1077386,14:14:00,14:14:00,3894,5,0,0
1077387,13:44:00,13:44:00,3894,5,0,0
1077388,13:14:00,13:14:00,3894,5,0,0
1077389,12:44:00,12:44:00,3894,5,0,0
1077390,12:14:00,12:14:00,3894,5,0,0
1077391,11:44:00,11:44:00,3894,5,0,0
1077392,11:14:00,11:14:00,3894,5,0,0
1077393,10:44:00,10:44:00,3894,5,0,0
1077394,10:14:00,10:14:00,3894,5,0,0
1077395,9:44:00,9:44:00,3894,5,0,0
1077396,9:14:00,9:14:00,3894,5,0,0
1077397,8:44:00,8:44:00,3894,5,0,0
1077398,8:14:00,8:14:00,3894,5,0,0
1077399,7:44:00,7:44:00,3894,5,0,0
1077400,7:14:00,7:14:00,3894,5,0,0
1077401,6:44:00,6:44:00,3894,5,0,0
1077402,6:14:00,6:14:00,3894,5,0,0
1077433,6:58:00,6:58:00,3894,5,0,0
1077434,21:28:00,21:28:00,3894,5,0,0
1077435,20:28:00,20:28:00,3894,5,0,0
1077436,19:43:00,19:43:00,3894,5,0,0
1077437,18:58:00,18:58:00,3894,5,0,0
1077438,18:13:00,18:13:00,3894,5,0,0
1077439,17:28:00,17:28:00,3894,5,0,0
1077440,16:43:00,16:43:00,3894,5,0,0
1077441,15:58:00,15:58:00,3894,5,0,0
1077442,15:13:00,15:13:00,3894,5,0,0
1077443,14:28:00,14:28:00,3894,5,0,0
1077444,13:43:00,13:43:00,3894,5,0,0
1077445,12:58:00,12:58:00,3894,5,0,0
1077446,12:13:00,12:13:00,3894,5,0,0
1077447,11:28:00,11:28:00,3894,5,0,0
1077448,10:43:00,10:43:00,3894,5,0,0
1077449,9:58:00,9:58:00,3894,5,0,0
1077450,8:58:00,8:58:00,3894,5,0,0
1077451,7:58:00,7:58:00,3894,5,0,0
1077471,6:58:00,6:58:00,3894,5,0,0
1077472,20:58:00,20:58:00,3894,5,0,0
1077473,19:58:00,19:58:00,3894,5,0,0
1077474,19:13:00,19:13:00,3894,5,0,0
1077475,18:28:00,18:28:00,3894,5,0,0
1077476,17:43:00,17:43:00,3894,5,0,0
1077477,16:58:00,16:58:00,3894,5,0,0
1077478,16:13:00,16:13:00,3894,5,0,0
1077479,15:28:00,15:28:00,3894,5,0,0
1077480,14:43:00,14:43:00,3894,5,0,0
1077481,13:58:00,13:58:00,3894,5,0,0
1077482,13:13:00,13:13:00,3894,5,0,0
1077483,12:28:00,12:28:00,3894,5,0,0
1077484,11:43:00,11:43:00,3894,5,0,0
1077485,10:58:00,10:58:00,3894,5,0,0
1077486,9:58:00,9:58:00,3894,5,0,0
1077487,8:58:00,8:58:00,3894,5,0,0
1077488,7:58:00,7:58:00,3894,5,0,0
1078294,23:12:00,23:12:00,7055,13,0,0
1078295,22:42:00,22:42:00,7055,13,0,0
1078296,22:12:00,22:12:00,7055,13,0,0
1078297,21:42:00,21:42:00,7055,13,0,0
1078298,21:12:00,21:12:00,7055,13,0,0
1078299,20:42:00,20:42:00,7055,13,0,0
1078300,20:12:00,20:12:00,7055,13,0,0
1078301,19:42:00,19:42:00,7055,13,0,0
1078302,16:12:00,16:12:00,7055,13,0,0
1078303,16:27:00,16:27:00,7055,13,0,0
1078304,16:42:00,16:42:00,7055,13,0,0
1078305,16:57:00,16:57:00,7055,13,0,0
1078306,17:12:00,17:12:00,7055,13,0,0
1078307,17:27:00,17:27:00,7055,13,0,0
1078308,17:42:00,17:42:00,7055,13,0,0
1078309,11:57:00,11:57:00,7055,13,0,0
1078310,12:12:00,12:12:00,7055,13,0,0
1078311,12:27:00,12:27:00,7055,13,0,0
1078312,12:42:00,12:42:00,7055,13,0,0
1078313,12:57:00,12:57:00,7055,13,0,0
1078314,13:12:00,13:12:00,7055,13,0,0
1078315,13:27:00,13:27:00,7055,13,0,0
1078316,13:42:00,13:42:00,7055,13,0,0
1078317,13:57:00,13:57:00,7055,13,0,0
1078318,17:57:00,17:57:00,7055,13,0,0
1078319,14:27:00,14:27:00,7055,13,0,0
1078320,18:12:00,18:12:00,7055,13,0,0
1078321,4:42:00,4:42:00,7055,13,0,0
1078322,4:57:00,4:57:00,7055,13,0,0
1078323,5:12:00,5:12:00,7055,13,0,0
1078324,5:27:00,5:27:00,7055,13,0,0
1078325,5:42:00,5:42:00,7055,13,0,0
1078326,5:57:00,5:57:00,7055,13,0,0
1078327,6:12:00,6:12:00,7055,13,0,0
1078328,6:27:00,6:27:00,7055,13,0,0
1078329,6:42:00,6:42:00,7055,13,0,0
1078330,6:57:00,6:57:00,7055,13,0,0
1078331,7:12:00,7:12:00,7055,13,0,0
1078332,10:42:00,10:42:00,7055,13,0,0
1078333,10:27:00,10:27:00,7055,13,0,0
1078334,10:12:00,10:12:00,7055,13,0,0
1078335,9:57:00,9:57:00,7055,13,0,0
1078336,9:42:00,9:42:00,7055,13,0,0
1078337,9:27:00,9:27:00,7055,13,0,0
1078338,9:12:00,9:12:00,7055,13,0,0
1078339,8:57:00,8:57:00,7055,13,0,0
1078340,8:42:00,8:42:00,7055,13,0,0
1078341,8:27:00,8:27:00,7055,13,0,0
1078342,8:12:00,8:12:00,7055,13,0,0
1078343,7:57:00,7:57:00,7055,13,0,0
1078344,7:42:00,7:42:00,7055,13,0,0
1078345,7:27:00,7:27:00,7055,13,0,0
1078346,15:57:00,15:57:00,7055,13,0,0
1078347,15:42:00,15:42:00,7055,13,0,0
1078348,15:27:00,15:27:00,7055,13,0,0
1078349,15:12:00,15:12:00,7055,13,0,0
1078350,14:57:00,14:57:00,7055,13,0,0
1078351,14:42:00,14:42:00,7055,13,0,0
1078352,14:12:00,14:12:00,7055,13,0,0
1078353,19:12:00,19:12:00,7055,13,0,0
1078354,18:42:00,18:42:00,7055,13,0,0
1078355,18:27:00,18:27:00,7055,13,0,0
1078356,11:42:00,11:42:00,7055,13,0,0
1078357,11:27:00,11:27:00,7055,13,0,0
1078358,11:12:00,11:12:00,7055,13,0,0
1078359,10:57:00,10:57:00,7055,13,0,0
1078360,4:27:00,4:27:00,7055,13,0,0
1078361,4:12:00,4:12:00,7055,13,0,0
1078420,23:12:00,23:12:00,7055,13,0,0
1078421,22:42:00,22:42:00,7055,13,0,0
1078422,22:12:00,22:12:00,7055,13,0,0
1078423,21:42:00,21:42:00,7055,13,0,0
1078424,5:42:00,5:42:00,7055,13,0,0
1078425,11:42:00,11:42:00,7055,13,0,0
1078426,11:12:00,11:12:00,7055,13,0,0
1078427,10:42:00,10:42:00,7055,13,0,0
1078428,10:12:00,10:12:00,7055,13,0,0
1078429,9:42:00,9:42:00,7055,13,0,0
1078430,9:12:00,9:12:00,7055,13,0,0
1078431,8:42:00,8:42:00,7055,13,0,0
1078432,8:12:00,8:12:00,7055,13,0,0
1078433,7:42:00,7:42:00,7055,13,0,0
1078434,7:12:00,7:12:00,7055,13,0,0
1078435,6:42:00,6:42:00,7055,13,0,0
1078436,6:12:00,6:12:00,7055,13,0,0
1078437,21:12:00,21:12:00,7055,13,0,0
1078438,20:42:00,20:42:00,7055,13,0,0
1078439,20:12:00,20:12:00,7055,13,0,0
1078440,19:42:00,19:42:00,7055,13,0,0
1078441,19:12:00,19:12:00,7055,13,0,0
1078442,18:42:00,18:42:00,7055,13,0,0
1078443,18:12:00,18:12:00,7055,13,0,0
1078444,17:42:00,17:42:00,7055,13,0,0
1078445,17:12:00,17:12:00,7055,13,0,0
1078446,16:42:00,16:42:00,7055,13,0,0
1078447,16:12:00,16:12:00,7055,13,0,0
1078448,15:42:00,15:42:00,7055,13,0,0
1078449,15:12:00,15:12:00,7055,13,0,0
1078450,14:42:00,14:42:00,7055,13,0,0
1078451,14:12:00,14:12:00,7055,13,0,0
1078452,13:42:00,13:42:00,7055,13,0,0
1078453,13:12:00,13:12:00,7055,13,0,0
1078454,12:42:00,12:42:00,7055,13,0,0
1078455,12:12:00,12:12:00,7055,13,0,0
1078456,5:12:00,5:12:00,7055,13,0,0
1078457,9:27:00,9:27:00,7055,13,0,0
1078458,9:57:00,9:57:00,7055,13,0,0
1078459,10:27:00,10:27:00,7055,13,0,0
1078460,10:57:00,10:57:00,7055,13,0,0
1078461,11:27:00,11:27:00,7055,13,0,0
1078462,11:57:00,11:57:00,7055,13,0,0
1078463,12:27:00,12:27:00,7055,13,0,0
1078464,12:57:00,12:57:00,7055,13,0,0
1078465,13:27:00,13:27:00,7055,13,0,0
1078466,13:57:00,13:57:00,7055,13,0,0
1078467,14:27:00,14:27:00,7055,13,0,0
1078468,14:57:00,14:57:00,7055,13,0,0
1078469,15:27:00,15:27:00,7055,13,0,0
1078470,15:57:00,15:57:00,7055,13,0,0
1078471,16:27:00,16:27:00,7055,13,0,0
1078472,16:57:00,16:57:00,7055,13,0,0
1078473,17:27:00,17:27:00,7055,13,0,0
1078474,17:57:00,17:57:00,7055,13,0,0
1078475,18:27:00,18:27:00,7055,13,0,0
1078476,18:57:00,18:57:00,7055,13,0,0
1078477,19:27:00,19:27:00,7055,13,0,0
1078525,13:12:00,13:12:00,7055,13,0,0
1078526,12:42:00,12:42:00,7055,13,0,0
1078527,12:12:00,12:12:00,7055,13,0,0
1078528,11:42:00,11:42:00,7055,13,0,0
1078529,11:12:00,11:12:00,7055,13,0,0
1078530,10:42:00,10:42:00,7055,13,0,0
1078531,10:12:00,10:12:00,7055,13,0,0
1078532,9:42:00,9:42:00,7055,13,0,0
1078533,9:12:00,9:12:00,7055,13,0,0
1078534,8:42:00,8:42:00,7055,13,0,0
1078535,8:12:00,8:12:00,7055,13,0,0
1078536,7:42:00,7:42:00,7055,13,0,0
1078537,7:12:00,7:12:00,7055,13,0,0
1078538,6:42:00,6:42:00,7055,13,0,0
1078539,6:12:00,6:12:00,7055,13,0,0
1078540,21:12:00,21:12:00,7055,13,0,0
1078541,20:42:00,20:42:00,7055,13,0,0
1078542,20:12:00,20:12:00,7055,13,0,0
1078543,19:42:00,19:42:00,7055,13,0,0
1078544,19:12:00,19:12:00,7055,13,0,0
1078545,18:42:00,18:42:00,7055,13,0,0
1078546,18:12:00,18:12:00,7055,13,0,0
1078547,17:42:00,17:42:00,7055,13,0,0
1078548,17:12:00,17:12:00,7055,13,0,0
1078549,16:42:00,16:42:00,7055,13,0,0
1078550,16:12:00,16:12:00,7055,13,0,0
1078551,15:42:00,15:42:00,7055,13,0,0
1078552,15:12:00,15:12:00,7055,13,0,0
1078553,14:42:00,14:42:00,7055,13,0,0
1078554,14:12:00,14:12:00,7055,13,0,0
1078555,13:42:00,13:42:00,7055,13,0,0
1078556,5:42:00,5:42:00,7055,13,0,0
1078557,5:12:00,5:12:00,7055,13,0,0
1078558,10:27:00,10:27:00,7055,13,0,0
1078559,10:57:00,10:57:00,7055,13,0,0
1078560,11:27:00,11:27:00,7055,13,0,0
1078561,11:57:00,11:57:00,7055,13,0,0
1078562,12:27:00,12:27:00,7055,13,0,0
1078563,12:57:00,12:57:00,7055,13,0,0
1078564,13:27:00,13:27:00,7055,13,0,0
1078565,13:57:00,13:57:00,7055,13,0,0
1078566,14:27:00,14:27:00,7055,13,0,0
1078567,14:57:00,14:57:00,7055,13,0,0
1078568,15:27:00,15:27:00,7055,13,0,0
1078569,15:57:00,15:57:00,7055,13,0,0
1078570,16:27:00,16:27:00,7055,13,0,0
1078571,16:57:00,16:57:00,7055,13,0,0
1078227,24:06:00,24:06:00,7076,15,0,0
1078228,7:51:00,7:51:00,7076,11,0,0
1078229,7:36:00,7:36:00,7076,15,0,0
1078230,6:06:00,6:06:00,7076,15,0,0
1078231,5:51:00,5:51:00,7076,11,0,0
1078232,8:06:00,8:06:00,7076,15,0,0
1078233,23:36:00,23:36:00,7076,15,0,0
1078234,23:06:00,23:06:00,7076,15,0,0
1078235,5:21:00,5:21:00,7076,11,0,0
1078236,16:21:00,16:21:00,7076,11,0,0
1078237,16:36:00,16:36:00,7076,15,0,0
1078238,16:51:00,16:51:00,7076,11,0,0
1078239,8:21:00,8:21:00,7076,11,0,0
1078240,8:36:00,8:36:00,7076,15,0,0
1078241,12:36:00,12:36:00,7076,15,0,0
1078242,12:51:00,12:51:00,7076,11,0,0
1078243,13:06:00,13:06:00,7076,15,0,0
1078244,8:51:00,8:51:00,7076,11,0,0
1078245,9:06:00,9:06:00,7076,15,0,0
1078246,9:21:00,9:21:00,7076,11,0,0
1078247,9:36:00,9:36:00,7076,15,0,0
1078248,9:51:00,9:51:00,7076,11,0,0
1078249,10:06:00,10:06:00,7076,15,0,0
1078250,10:21:00,10:21:00,7076,11,0,0
1078251,10:36:00,10:36:00,7076,15,0,0
1078252,10:51:00,10:51:00,7076,11,0,0
1078253,11:06:00,11:06:00,7076,15,0,0
1078254,11:21:00,11:21:00,7076,11,0,0
1078255,11:36:00,11:36:00,7076,15,0,0
1078256,11:51:00,11:51:00,7076,11,0,0
1078257,12:06:00,12:06:00,7076,15,0,0
1078258,12:21:00,12:21:00,7076,11,0,0
1078259,17:06:00,17:06:00,7076,15,0,0
1078260,17:21:00,17:21:00,7076,11,0,0
1078261,17:36:00,17:36:00,7076,15,0,0
1078262,20:06:00,20:06:00,7076,15,0,0
1078263,20:36:00,20:36:00,7076,15,0,0
1078264,21:06:00,21:06:00,7076,15,0,0
1078265,21:36:00,21:36:00,7076,15,0,0
1078266,22:06:00,22:06:00,7076,15,0,0
1078267,22:36:00,22:36:00,7076,15,0,0
1078268,5:36:00,5:36:00,7076,15,0,0
1078269,17:51:00,17:51:00,7076,11,0,0
1078270,18:06:00,18:06:00,7076,15,0,0
1078271,18:21:00,18:21:00,7076,11,0,0
1078272,18:36:00,18:36:00,7076,15,0,0
1078273,18:51:00,18:51:00,7076,11,0,0
1078274,19:06:00,19:06:00,7076,15,0,0
1078275,13:21:00,13:21:00,7076,11,0,0
1078276,13:36:00,13:36:00,7076,15,0,0
1078277,13:51:00,13:51:00,7076,11,0,0
1078278,14:06:00,14:06:00,7076,15,0,0
1078279,14:21:00,14:21:00,7076,11,0,0
1078280,14:36:00,14:36:00,7076,15,0,0
1078281,14:51:00,14:51:00,7076,11,0,0
1078282,15:06:00,15:06:00,7076,15,0,0
1078283,15:21:00,15:21:00,7076,11,0,0
1078284,15:36:00,15:36:00,7076,15,0,0
1078285,15:51:00,15:51:00,7076,11,0,0
1078286,16:06:00,16:06:00,7076,15,0,0
1078287,19:21:00,19:21:00,7076,11,0,0
1078288,19:36:00,19:36:00,7076,15,0,0
1078289,6:21:00,6:21:00,7076,11,0,0
1078290,6:36:00,6:36:00,7076,15,0,0
1078291,6:51:00,6:51:00,7076,11,0,0
1078292,7:06:00,7:06:00,7076,15,0,0
1078293,7:21:00,7:21:00,7076,11,0,0
1078362,24:06:00,24:06:00,7076,15,0,0
1078363,23:36:00,23:36:00,7076,15,0,0
1078364,23:06:00,23:06:00,7076,15,0,0
1078365,22:36:00,22:36:00,7076,15,0,0
1078366,13:06:00,13:06:00,7076,15,0,0
1078367,12:36:00,12:36:00,7076,15,0,0
1078368,12:06:00,12:06:00,7076,15,0,0
1078369,11:36:00,11:36:00,7076,15,0,0
1078370,11:06:00,11:06:00,7076,15,0,0
1078371,10:36:00,10:36:00,7076,15,0,0
1078372,10:06:00,10:06:00,7076,15,0,0
1078373,9:36:00,9:36:00,7076,15,0,0
1078374,9:06:00,9:06:00,7076,15,0,0
1078375,8:36:00,8:36:00,7076,15,0,0
1078376,8:06:00,8:06:00,7076,15,0,0
1078377,7:36:00,7:36:00,7076,11,0,0
1078378,7:06:00,7:06:00,7076,11,0,0
1078379,6:36:00,6:36:00,7076,11,0,0
1078380,22:06:00,22:06:00,7076,15,0,0
1078381,21:36:00,21:36:00,7076,15,0,0
1078382,21:06:00,21:06:00,7076,15,0,0
1078383,20:36:00,20:36:00,7076,15,0,0
1078384,20:06:00,20:06:00,7076,15,0,0
1078385,19:36:00,19:36:00,7076,15,0,0
1078386,19:06:00,19:06:00,7076,15,0,0
1078387,18:36:00,18:36:00,7076,15,0,0
1078388,18:06:00,18:06:00,7076,15,0,0
1078389,17:36:00,17:36:00,7076,15,0,0
1078390,17:06:00,17:06:00,7076,15,0,0
1078391,16:36:00,16:36:00,7076,15,0,0
1078392,16:06:00,16:06:00,7076,15,0,0
1078393,15:36:00,15:36:00,7076,15,0,0
1078394,15:06:00,15:06:00,7076,15,0,0
1078395,14:36:00,14:36:00,7076,15,0,0
1078396,14:06:00,14:06:00,7076,15,0,0
1078397,13:36:00,13:36:00,7076,15,0,0
1078398,6:06:00,6:06:00,7076,11,0,0
1078399,10:21:00,10:21:00,7076,11,0,0
1078400,10:51:00,10:51:00,7076,11,0,0
1078401,11:21:00,11:21:00,7076,11,0,0
1078402,11:51:00,11:51:00,7076,11,0,0
1078403,12:21:00,12:21:00,7076,11,0,0
1078404,12:51:00,12:51:00,7076,11,0,0
1078405,13:21:00,13:21:00,7076,11,0,0
1078406,13:51:00,13:51:00,7076,11,0,0
1078407,14:21:00,14:21:00,7076,11,0,0
1078408,14:51:00,14:51:00,7076,11,0,0
1078409,15:21:00,15:21:00,7076,11,0,0
1078410,15:51:00,15:51:00,7076,11,0,0
1078411,16:21:00,16:21:00,7076,11,0,0
1078412,16:51:00,16:51:00,7076,11,0,0
1078413,17:21:00,17:21:00,7076,11,0,0
1078414,17:51:00,17:51:00,7076,11,0,0
1078415,18:21:00,18:21:00,7076,11,0,0
1078416,18:51:00,18:51:00,7076,11,0,0
1078417,19:21:00,19:21:00,7076,11,0,0
1078418,19:51:00,19:51:00,7076,11,0,0
1078419,20:21:00,20:21:00,7076,11,0,0
1078478,14:36:00,14:36:00,7076,15,0,0
1078479,14:06:00,14:06:00,7076,15,0,0
1078480,13:36:00,13:36:00,7076,15,0,0
1078481,13:06:00,13:06:00,7076,15,0,0
1078482,12:36:00,12:36:00,7076,15,0,0
1078483,12:06:00,12:06:00,7076,15,0,0
1078484,11:36:00,11:36:00,7076,15,0,0
1078485,11:06:00,11:06:00,7076,15,0,0
1078486,10:36:00,10:36:00,7076,15,0,0
1078487,10:06:00,10:06:00,7076,11,0,0
1078488,9:36:00,9:36:00,7076,11,0,0
1078489,9:06:00,9:06:00,7076,11,0,0
1078490,8:36:00,8:36:00,7076,11,0,0
1078491,8:06:00,8:06:00,7076,11,0,0
1078492,7:36:00,7:36:00,7076,11,0,0
1078493,7:06:00,7:06:00,7076,11,0,0
1078494,22:06:00,22:06:00,7076,15,0,0
1078495,21:36:00,21:36:00,7076,15,0,0
1078496,21:06:00,21:06:00,7076,15,0,0
1078497,20:36:00,20:36:00,7076,15,0,0
1078498,20:06:00,20:06:00,7076,15,0,0
1078499,19:36:00,19:36:00,7076,15,0,0
1078500,19:06:00,19:06:00,7076,15,0,0
1078501,18:36:00,18:36:00,7076,15,0,0
1078502,18:06:00,18:06:00,7076,15,0,0
1078503,17:36:00,17:36:00,7076,15,0,0
1078504,17:06:00,17:06:00,7076,15,0,0
1078505,16:36:00,16:36:00,7076,15,0,0
1078506,16:06:00,16:06:00,7076,15,0,0
1078507,15:36:00,15:36:00,7076,15,0,0
1078508,15:06:00,15:06:00,7076,15,0,0
1078509,6:36:00,6:36:00,7076,11,0,0
1078510,6:06:00,6:06:00,7076,11,0,0
1078511,11:21:00,11:21:00,7076,11,0,0
1078512,11:51:00,11:51:00,7076,11,0,0
1078513,12:21:00,12:21:00,7076,11,0,0
1078514,12:51:00,12:51:00,7076,11,0,0
1078515,13:21:00,13:21:00,7076,11,0,0
1078516,13:51:00,13:51:00,7076,11,0,0
1078517,14:21:00,14:21:00,7076,11,0,0
1078518,14:51:00,14:51:00,7076,11,0,0
1078519,15:21:00,15:21:00,7076,11,0,0
1078520,15:51:00,15:51:00,7076,11,0,0
1078521,16:21:00,16:21:00,7076,11,0,0
1078522,16:51:00,16:51:00,7076,11,0,0
1078523,17:21:00,17:21:00,7076,11,0,0
1078524,17:51:00,17:51:00,7076,11,0,0
1078228,8:14:00,8:14:00,7092,24,1,0
1078229,7:59:00,7:59:00,7092,28,1,0
1078230,6:29:00,6:29:00,7092,28,1,0
1078231,6:14:00,6:14:00,7092,24,1,0
1078232,8:29:00,8:29:00,7092,28,1,0
1078235,5:44:00,5:44:00,7092,24,1,0
1078236,16:44:00,16:44:00,7092,24,1,0
1078237,16:59:00,16:59:00,7092,28,1,0
1078238,17:14:00,17:14:00,7092,24,1,0
1078239,8:44:00,8:44:00,7092,24,1,0
1078240,8:59:00,8:59:00,7092,28,1,0
1078241,12:59:00,12:59:00,7092,28,1,0
1078242,13:14:00,13:14:00,7092,24,1,0
1078243,13:29:00,13:29:00,7092,28,1,0
1078244,9:14:00,9:14:00,7092,24,1,0
1078245,9:29:00,9:29:00,7092,28,1,0
1078246,9:44:00,9:44:00,7092,24,1,0
1078247,9:59:00,9:59:00,7092,28,1,0
1078248,10:14:00,10:14:00,7092,24,1,0
1078249,10:29:00,10:29:00,7092,28,1,0
1078250,10:44:00,10:44:00,7092,24,1,0
1078251,10:59:00,10:59:00,7092,28,1,0
1078252,11:14:00,11:14:00,7092,24,1,0
1078253,11:29:00,11:29:00,7092,28,1,0
1078254,11:44:00,11:44:00,7092,24,1,0
1078255,11:59:00,11:59:00,7092,28,1,0
1078256,12:14:00,12:14:00,7092,24,1,0
1078257,12:29:00,12:29:00,7092,28,1,0
1078258,12:44:00,12:44:00,7092,24,1,0
1078259,17:29:00,17:29:00,7092,28,1,0
1078260,17:44:00,17:44:00,7092,24,1,0
1078261,17:59:00,17:59:00,7092,28,1,0
1078262,20:29:00,20:29:00,7092,28,1,0
1078263,20:59:00,20:59:00,7092,28,1,0
1078264,21:29:00,21:29:00,7092,28,1,0
1078265,21:59:00,21:59:00,7092,28,1,0
1078266,22:29:00,22:29:00,7092,28,1,0
1078268,5:59:00,5:59:00,7092,28,1,0
1078269,18:14:00,18:14:00,7092,24,1,0
1078270,18:29:00,18:29:00,7092,28,1,0
1078272,18:59:00,18:59:00,7092,28,1,0
1078274,19:29:00,19:29:00,7092,28,1,0
1078275,13:44:00,13:44:00,7092,24,1,0
1078276,13:59:00,13:59:00,7092,28,1,0
1078277,14:14:00,14:14:00,7092,24,1,0
1078278,14:29:00,14:29:00,7092,28,1,0
1078279,14:44:00,14:44:00,7092,24,1,0
1078280,14:59:00,14:59:00,7092,28,1,0
1078281,15:14:00,15:14:00,7092,24,1,0
1078282,15:29:00,15:29:00,7092,28,1,0
1078283,15:44:00,15:44:00,7092,24,1,0
1078284,15:59:00,15:59:00,7092,28,1,0
1078285,16:14:00,16:14:00,7092,24,1,0
1078286,16:29:00,16:29:00,7092,28,1,0
1078288,19:59:00,19:59:00,7092,28,1,0
1078289,6:44:00,6:44:00,7092,24,1,0
1078290,6:59:00,6:59:00,7092,28,1,0
1078291,7:14:00,7:14:00,7092,24,1,0
1078292,7:29:00,7:29:00,7092,28,1,0
1078293,7:44:00,7:44:00,7092,24,1,0
1078366,13:29:00,13:29:00,7092,28,1,0
1078367,12:59:00,12:59:00,7092,28,1,0
1078368,12:29:00,12:29:00,7092,28,1,0
1078369,11:59:00,11:59:00,7092,28,1,0
1078370,11:29:00,11:29:00,7092,28,1,0
1078371,10:59:00,10:59:00,7092,28,1,0
1078372,10:29:00,10:29:00,7092,28,1,0
1078373,9:59:00,9:59:00,7092,28,1,0
1078374,9:29:00,9:29:00,7092,28,1,0
1078375,8:59:00,8:59:00,7092,28,1,0
1078376,8:29:00,8:29:00,7092,28,1,0
1078377,7:59:00,7:59:00,7092,24,1,0
1078378,7:29:00,7:29:00,7092,24,1,0
1078379,6:59:00,6:59:00,7092,24,1,0
1078380,22:29:00,22:29:00,7092,28,1,0
1078381,21:59:00,21:59:00,7092,28,1,0
1078382,21:29:00,21:29:00,7092,28,1,0
1078383,20:59:00,20:59:00,7092,28,1,0
1078384,20:29:00,20:29:00,7092,28,1,0
1078385,19:59:00,19:59:00,7092,28,1,0
1078386,19:29:00,19:29:00,7092,28,1,0
1078387,18:59:00,18:59:00,7092,28,1,0
1078388,18:29:00,18:29:00,7092,28,1,0
1078389,17:59:00,17:59:00,7092,28,1,0
1078390,17:29:00,17:29:00,7092,28,1,0
1078391,16:59:00,16:59:00,7092,28,1,0
1078392,16:29:00,16:29:00,7092,28,1,0
1078393,15:59:00,15:59:00,7092,28,1,0
1078394,15:29:00,15:29:00,7092,28,1,0
1078395,14:59:00,14:59:00,7092,28,1,0
1078396,14:29:00,14:29:00,7092,28,1,0
1078397,13:59:00,13:59:00,7092,28,1,0
1078398,6:29:00,6:29:00,7092,24,1,0
1078399,10:44:00,10:44:00,7092,24,1,0
1078400,11:14:00,11:14:00,7092,24,1,0
1078401,11:44:00,11:44:00,7092,24,1,0
1078402,12:14:00,12:14:00,7092,24,1,0
1078403,12:44:00,12:44:00,7092,24,1,0
1078404,13:14:00,13:14:00,7092,24,1,0
1078405,13:44:00,13:44:00,7092,24,1,0
1078406,14:14:00,14:14:00,7092,24,1,0
1078407,14:44:00,14:44:00,7092,24,1,0
1078408,15:14:00,15:14:00,7092,24,1,0
1078409,15:44:00,15:44:00,7092,24,1,0
1078410,16:14:00,16:14:00,7092,24,1,0
1078411,16:44:00,16:44:00,7092,24,1,0
1078412,17:14:00,17:14:00,7092,24,1,0
1078413,17:44:00,17:44:00,7092,24,1,0
1078414,18:14:00,18:14:00,7092,24,1,0
1078415,18:44:00,18:44:00,7092,24,1,0
1078416,19:14:00,19:14:00,7092,24,1,0
1078478,14:59:00,14:59:00,7092,28,1,0
1078479,14:29:00,14:29:00,7092,28,1,0
1078480,13:59:00,13:59:00,7092,28,1,0
1078481,13:29:00,13:29:00,7092,28,1,0
1078482,12:59:00,12:59:00,7092,28,1,0
1078483,12:29:00,12:29:00,7092,28,1,0
1078484,11:59:00,11:59:00,7092,28,1,0
1078485,11:29:00,11:29:00,7092,28,1,0
1078486,10:59:00,10:59:00,7092,28,1,0
1078487,10:29:00,10:29:00,7092,24,1,0
1078488,9:59:00,9:59:00,7092,24,1,0
1078489,9:29:00,9:29:00,7092,24,1,0
1078490,8:59:00,8:59:00,7092,24,1,0
1078491,8:29:00,8:29:00,7092,24,1,0
1078492,7:59:00,7:59:00,7092,24,1,0
1078493,7:29:00,7:29:00,7092,24,1,0
1078498,20:29:00,20:29:00,7092,28,1,0
1078499,19:59:00,19:59:00,7092,28,1,0
1078500,19:29:00,19:29:00,7092,28,1,0
1078501,18:59:00,18:59:00,7092,28,1,0
1078502,18:29:00,18:29:00,7092,28,1,0
1078503,17:59:00,17:59:00,7092,28,1,0
1078504,17:29:00,17:29:00,7092,28,1,0
1078505,16:59:00,16:59:00,7092,28,1,0
1078506,16:29:00,16:29:00,7092,28,1,0
1078507,15:59:00,15:59:00,7092,28,1,0
1078508,15:29:00,15:29:00,7092,28,1,0
1078509,6:59:00,6:59:00,7092,24,1,0
1078510,6:29:00,6:29:00,7092,24,1,0
1078511,11:44:00,11:44:00,7092,24,1,0
1078512,12:14:00,12:14:00,7092,24,1,0
1078513,12:44:00,12:44:00,7092,24,1,0
1078514,13:14:00,13:14:00,7092,24,1,0
1078515,13:44:00,13:44:00,7092,24,1,0
1078516,14:14:00,14:14:00,7092,24,1,0
1078517,14:44:00,14:44:00,7092,24,1,0
1078518,15:14:00,15:14:00,7092,24,1,0
1078519,15:44:00,15:44:00,7092,24,1,0
1078520,16:14:00,16:14:00,7092,24,1,0
1078521,16:44:00,16:44:00,7092,24,1,0
1078294,22:49:00,22:49:00,7093,1,0,0
1078295,22:19:00,22:19:00,7093,1,0,0
1078296,21:49:00,21:49:00,7093,1,0,0
1078297,21:19:00,21:19:00,7093,1,0,0
1078298,20:49:00,20:49:00,7093,1,0,0
1078299,20:19:00,20:19:00,7093,1,0,0
1078300,19:49:00,19:49:00,7093,1,0,0
1078301,19:19:00,19:19:00,7093,1,0,0
1078302,15:49:00,15:49:00,7093,1,0,0
1078303,16:04:00,16:04:00,7093,1,0,0
1078304,16:19:00,16:19:00,7093,1,0,0
1078305,16:34:00,16:34:00,7093,1,0,0
1078306,16:49:00,16:49:00,7093,1,0,0
1078307,17:04:00,17:04:00,7093,1,0,0
1078308,17:19:00,17:19:00,7093,1,0,0
1078309,11:34:00,11:34:00,7093,1,0,0
1078310,11:49:00,11:49:00,7093,1,0,0
1078311,12:04:00,12:04:00,7093,1,0,0
1078312,12:19:00,12:19:00,7093,1,0,0
1078313,12:34:00,12:34:00,7093,1,0,0
1078314,12:49:00,12:49:00,7093,1,0,0
1078315,13:04:00,13:04:00,7093,1,0,0
1078316,13:19:00,13:19:00,7093,1,0,0
1078317,13:34:00,13:34:00,7093,1,0,0
1078318,17:34:00,17:34:00,7093,1,0,0
1078319,14:04:00,14:04:00,7093,1,0,0
1078320,17:49:00,17:49:00,7093,1,0,0
1078321,4:19:00,4:19:00,7093,1,0,0
1078322,4:34:00,4:34:00,7093,1,0,0
1078323,4:49:00,4:49:00,7093,1,0,0
1078324,5:04:00,5:04:00,7093,1,0,0
1078325,5:19:00,5:19:00,7093,1,0,0
1078326,5:34:00,5:34:00,7093,1,0,0
1078327,5:49:00,5:49:00,7093,1,0,0
1078328,6:04:00,6:04:00,7093,1,0,0
1078329,6:19:00,6:19:00,7093,1,0,0
1078330,6:34:00,6:34:00,7093,1,0,0
1078331,6:49:00,6:49:00,7093,1,0,0
1078332,10:19:00,10:19:00,7093,1,0,0
1078333,10:04:00,10:04:00,7093,1,0,0
1078334,9:49:00,9:49:00,7093,1,0,0
1078335,9:34:00,9:34:00,7093,1,0,0
1078336,9:19:00,9:19:00,7093,1,0,0
1078337,9:04:00,9:04:00,7093,1,0,0
1078338,8:49:00,8:49:00,7093,1,0,0
1078339,8:34:00,8:34:00,7093,1,0,0
1078340,8:19:00,8:19:00,7093,1,0,0
1078341,8:04:00,8:04:00,7093,1,0,0
1078342,7:49:00,7:49:00,7093,1,0,0
1078343,7:34:00,7:34:00,7093,1,0,0
1078344,7:19:00,7:19:00,7093,1,0,0
1078345,7:04:00,7:04:00,7093,1,0,0
1078346,15:34:00,15:34:00,7093,1,0,0
1078347,15:19:00,15:19:00,7093,1,0,0
1078348,15:04:00,15:04:00,7093,1,0,0
1078349,14:49:00,14:49:00,7093,1,0,0
1078350,14:34:00,14:34:00,7093,1,0,0
1078351,14:19:00,14:19:00,7093,1,0,0
1078352,13:49:00,13:49:00,7093,1,0,0
1078353,18:49:00,18:49:00,7093,1,0,0
1078354,18:19:00,18:19:00,7093,1,0,0
1078355,18:04:00,18:04:00,7093,1,0,0
1078356,11:19:00,11:19:00,7093,1,0,0
1078357,11:04:00,11:04:00,7093,1,0,0
1078358,10:49:00,10:49:00,7093,1,0,0
1078359,10:34:00,10:34:00,7093,1,0,0
1078360,4:04:00,4:04:00,7093,1,0,0
1078361,3:49:00,3:49:00,7093,1,0,0
1078420,22:49:00,22:49:00,7093,1,0,0
1078421,22:19:00,22:19:00,7093,1,0,0
1078422,21:49:00,21:49:00,7093,1,0,0
1078423,21:19:00,21:19:00,7093,1,0,0
1078424,5:19:00,5:19:00,7093,1,0,0
1078425,11:19:00,11:19:00,7093,1,0,0
1078426,10:49:00,10:49:00,7093,1,0,0
1078427,10:19:00,10:19:00,7093,1,0,0
1078428,9:49:00,9:49:00,7093,1,0,0
1078429,9:19:00,9:19:00,7093,1,0,0
1078430,8:49:00,8:49:00,7093,1,0,0
1078431,8:19:00,8:19:00,7093,1,0,0
1078432,7:49:00,7:49:00,7093,1,0,0
1078433,7:19:00,7:19:00,7093,1,0,0
1078434,6:49:00,6:49:00,7093,1,0,0
1078435,6:19:00,6:19:00,7093,1,0,0
1078436,5:49:00,5:49:00,7093,1,0,0
1078437,20:49:00,20:49:00,7093,1,0,0
1078438,20:19:00,20:19:00,7093,1,0,0
1078439,19:49:00,19:49:00,7093,1,0,0
1078440,19:19:00,19:19:00,7093,1,0,0
1078441,18:49:00,18:49:00,7093,1,0,0
1078442,18:19:00,18:19:00,7093,1,0,0
1078443,17:49:00,17:49:00,7093,1,0,0
1078444,17:19:00,17:19:00,7093,1,0,0
1078445,16:49:00,16:49:00,7093,1,0,0
1078446,16:19:00,16:19:00,7093,1,0,0
1078447,15:49:00,15:49:00,7093,1,0,0
1078448,15:19:00,15:19:00,7093,1,0,0
1078449,14:49:00,14:49:00,7093,1,0,0
1078450,14:19:00,14:19:00,7093,1,0,0
1078451,13:49:00,13:49:00,7093,1,0,0
1078452,13:19:00,13:19:00,7093,1,0,0
1078453,12:49:00,12:49:00,7093,1,0,0
1078454,12:19:00,12:19:00,7093,1,0,0
1078455,11:49:00,11:49:00,7093,1,0,0
1078456,4:49:00,4:49:00,7093,1,0,0
1078457,9:04:00,9:04:00,7093,1,0,0
1078458,9:34:00,9:34:00,7093,1,0,0
1078459,10:04:00,10:04:00,7093,1,0,0
1078460,10:34:00,10:34:00,7093,1,0,0
1078461,11:04:00,11:04:00,7093,1,0,0
1078462,11:34:00,11:34:00,7093,1,0,0
1078463,12:04:00,12:04:00,7093,1,0,0
1078464,12:34:00,12:34:00,7093,1,0,0
1078465,13:04:00,13:04:00,7093,1,0,0
1078466,13:34:00,13:34:00,7093,1,0,0
1078467,14:04:00,14:04:00,7093,1,0,0
1078468,14:34:00,14:34:00,7093,1,0,0
1078469,15:04:00,15:04:00,7093,1,0,0
1078470,15:34:00,15:34:00,7093,1,0,0
1078471,16:04:00,16:04:00,7093,1,0,0
1078472,16:34:00,16:34:00,7093,1,0,0
1078473,17:04:00,17:04:00,7093,1,0,0
1078474,17:34:00,17:34:00,7093,1,0,0
1078475,18:04:00,18:04:00,7093,1,0,0
1078476,18:34:00,18:34:00,7093,1,0,0
1078477,19:04:00,19:04:00,7093,1,0,0
1078525,12:49:00,12:49:00,7093,1,0,0
1078526,12:19:00,12:19:00,7093,1,0,0
1078527,11:49:00,11:49:00,7093,1,0,0
1078528,11:19:00,11:19:00,7093,1,0,0
1078529,10:49:00,10:49:00,7093,1,0,0
1078530,10:19:00,10:19:00,7093,1,0,0
1078531,9:49:00,9:49:00,7093,1,0,0
1078532,9:19:00,9:19:00,7093,1,0,0
1078533,8:49:00,8:49:00,7093,1,0,0
1078534,8:19:00,8:19:00,7093,1,0,0
1078535,7:49:00,7:49:00,7093,1,0,0
1078536,7:19:00,7:19:00,7093,1,0,0
1078537,6:49:00,6:49:00,7093,1,0,0
1078538,6:19:00,6:19:00,7093,1,0,0
1078539,5:49:00,5:49:00,7093,1,0,0
1078540,20:49:00,20:49:00,7093,1,0,0
1078541,20:19:00,20:19:00,7093,1,0,0
1078542,19:49:00,19:49:00,7093,1,0,0
1078543,19:19:00,19:19:00,7093,1,0,0
1078544,18:49:00,18:49:00,7093,1,0,0
1078545,18:19:00,18:19:00,7093,1,0,0
1078546,17:49:00,17:49:00,7093,1,0,0
1078547,17:19:00,17:19:00,7093,1,0,0
1078548,16:49:00,16:49:00,7093,1,0,0
1078549,16:19:00,16:19:00,7093,1,0,0
1078550,15:49:00,15:49:00,7093,1,0,0
1078551,15:19:00,15:19:00,7093,1,0,0
1078552,14:49:00,14:49:00,7093,1,0,0
1078553,14:19:00,14:19:00,7093,1,0,0
1078554,13:49:00,13:49:00,7093,1,0,0
1078555,13:19:00,13:19:00,7093,1,0,0
1078556,5:19:00,5:19:00,7093,1,0,0
1078557,4:49:00,4:49:00,7093,1,0,0
1078558,10:04:00,10:04:00,7093,1,0,0
1078559,10:34:00,10:34:00,7093,1,0,0
1078560,11:04:00,11:04:00,7093,1,0,0
1078561,11:34:00,11:34:00,7093,1,0,0
1078562,12:04:00,12:04:00,7093,1,0,0
1078563,12:34:00,12:34:00,7093,1,0,0
1078564,13:04:00,13:04:00,7093,1,0,0
1078565,13:34:00,13:34:00,7093,1,0,0
1078566,14:04:00,14:04:00,7093,1,0,0
1078567,14:34:00,14:34:00,7093,1,0,0
1078568,15:04:00,15:04:00,7093,1,0,0
1078569,15:34:00,15:34:00,7093,1,0,0
1078570,16:04:00,16:04:00,7093,1,0,0
1078571,16:34:00,16:34:00,7093,1,0,0
1079072,7:54:00,7:54:00,7003,4,0,0
1079073,8:24:00,8:24:00,7003,4,0,0
1079074,8:54:00,8:54:00,7003,4,0,0
1079075,6:24:00,6:24:00,7003,4,0,0
1079076,6:54:00,6:54:00,7003,4,0,0
1079077,7:24:00,7:24:00,7003,4,0,0
1079078,14:09:00,14:09:00,7003,4,0,0
1079079,14:39:00,14:39:00,7003,4,0,0
1079080,15:09:00,15:09:00,7003,4,0,0
1079082,5:54:00,5:54:00,7003,4,0,0
1079083,5:24:00,5:24:00,7003,4,0,0
1079087,19:54:00,19:54:00,7003,4,0,0
1079088,19:24:00,19:24:00,7003,4,0,0
1079089,18:54:00,18:54:00,7003,4,0,0
1079090,18:24:00,18:24:00,7003,4,0,0
1079091,17:54:00,17:54:00,7003,4,0,0
1079092,10:39:00,10:39:00,7003,4,0,0
1079093,16:39:00,16:39:00,7003,4,0,0
1079094,9:39:00,9:39:00,7003,4,0,0
1079095,6:09:00,6:09:00,7003,4,0,0
1079096,5:39:00,5:39:00,7003,4,0,0
1079097,5:09:00,5:09:00,7003,4,0,0
1079099,16:09:00,16:09:00,7003,4,0,0
1079100,7:39:00,7:39:00,7003,4,0,0
1079101,7:09:00,7:09:00,7003,4,0,0
1079102,6:39:00,6:39:00,7003,4,0,0
1079103,12:09:00,12:09:00,7003,4,0,0
1079104,11:39:00,11:39:00,7003,4,0,0
1079105,11:09:00,11:09:00,7003,4,0,0
1079106,9:09:00,9:09:00,7003,4,0,0
1079107,8:39:00,8:39:00,7003,4,0,0
1079108,8:09:00,8:09:00,7003,4,0,0
1079109,17:39:00,17:39:00,7003,4,0,0
1079110,17:09:00,17:09:00,7003,4,0,0
1079111,12:39:00,12:39:00,7003,4,0,0
1079112,10:09:00,10:09:00,7003,4,0,0
1079113,15:39:00,15:39:00,7003,4,0,0
1079114,13:09:00,13:09:00,7003,4,0,0
1079115,13:39:00,13:39:00,7003,4,0,0
1079116,22:54:00,22:54:00,7003,4,0,0
1079117,22:24:00,22:24:00,7003,4,0,0
1079118,21:54:00,21:54:00,7003,4,0,0
1079119,21:24:00,21:24:00,7003,4,0,0
1079120,20:54:00,20:54:00,7003,4,0,0
1079121,20:24:00,20:24:00,7003,4,0,0
1079122,17:24:00,17:24:00,7003,4,0,0
1079123,16:54:00,16:54:00,7003,4,0,0
1079124,16:24:00,16:24:00,7003,4,0,0
1079125,15:54:00,15:54:00,7003,4,0,0
1079126,15:24:00,15:24:00,7003,4,0,0
1079127,14:54:00,14:54:00,7003,4,0,0
1079128,14:24:00,14:24:00,7003,4,0,0
1079129,13:54:00,13:54:00,7003,4,0,0
1079130,13:24:00,13:24:00,7003,4,0,0
1079131,12:54:00,12:54:00,7003,4,0,0
1079132,12:24:00,12:24:00,7003,4,0,0
1079133,11:54:00,11:54:00,7003,4,0,0
1079134,11:24:00,11:24:00,7003,4,0,0
1079135,10:54:00,10:54:00,7003,4,0,0
1079136,10:24:00,10:24:00,7003,4,0,0
1079137,9:54:00,9:54:00,7003,4,0,0
1079138,9:24:00,9:24:00,7003,4,0,0
1079207,22:54:00,22:54:00,7003,4,0,0
1079208,22:24:00,22:24:00,7003,4,0,0
1079209,21:54:00,21:54:00,7003,4,0,0
1079210,21:24:00,21:24:00,7003,4,0,0
1079211,11:24:00,11:24:00,7003,4,0,0
1079212,10:54:00,10:54:00,7003,4,0,0
1079213,10:24:00,10:24:00,7003,4,0,0
1079214,9:54:00,9:54:00,7003,4,0,0
1079215,9:24:00,9:24:00,7003,4,0,0
1079216,8:54:00,8:54:00,7003,4,0,0
1079217,8:24:00,8:24:00,7003,4,0,0
1079218,7:54:00,7:54:00,7003,4,0,0
1079219,7:24:00,7:24:00,7003,4,0,0
1079220,6:54:00,6:54:00,7003,4,0,0
1079221,6:24:00,6:24:00,7003,4,0,0
1079222,5:54:00,5:54:00,7003,4,0,0
1079223,5:24:00,5:24:00,7003,4,0,0
1079224,20:54:00,20:54:00,7003,4,0,0
1079225,20:24:00,20:24:00,7003,4,0,0
1079226,19:54:00,19:54:00,7003,4,0,0
1079227,19:24:00,19:24:00,7003,4,0,0
1079228,18:54:00,18:54:00,7003,4,0,0
1079229,18:24:00,18:24:00,7003,4,0,0
1079230,17:54:00,17:54:00,7003,4,0,0
1079231,17:24:00,17:24:00,7003,4,0,0
1079232,16:54:00,16:54:00,7003,4,0,0
1079233,16:24:00,16:24:00,7003,4,0,0
1079234,15:54:00,15:54:00,7003,4,0,0
1079235,15:24:00,15:24:00,7003,4,0,0
1079236,14:54:00,14:54:00,7003,4,0,0
1079237,14:24:00,14:24:00,7003,4,0,0
1079238,13:54:00,13:54:00,7003,4,0,0
1079239,13:24:00,13:24:00,7003,4,0,0
1079240,12:54:00,12:54:00,7003,4,0,0
1079241,12:24:00,12:24:00,7003,4,0,0
1079242,11:54:00,11:54:00,7003,4,0,0
1079245,9:09:00,9:09:00,7003,4,0,0
1079246,9:39:00,9:39:00,7003,4,0,0
1079247,10:09:00,10:09:00,7003,4,0,0
1079248,10:39:00,10:39:00,7003,4,0,0
1079249,11:09:00,11:09:00,7003,4,0,0
1079250,11:39:00,11:39:00,7003,4,0,0
1079251,12:09:00,12:09:00,7003,4,0,0
1079252,12:39:00,12:39:00,7003,4,0,0
1079253,13:09:00,13:09:00,7003,4,0,0
1079254,13:39:00,13:39:00,7003,4,0,0
1079255,14:09:00,14:09:00,7003,4,0,0
1079256,14:39:00,14:39:00,7003,4,0,0
1079257,15:09:00,15:09:00,7003,4,0,0
1079258,15:39:00,15:39:00,7003,4,0,0
1079259,16:09:00,16:09:00,7003,4,0,0
1079260,16:39:00,16:39:00,7003,4,0,0
1079261,17:09:00,17:09:00,7003,4,0,0
1079262,17:39:00,17:39:00,7003,4,0,0
1079263,18:39:00,18:39:00,7003,4,0,0
1079264,18:09:00,18:09:00,7003,4,0,0
1079323,12:54:00,12:54:00,7003,4,0,0
1079324,12:24:00,12:24:00,7003,4,0,0
1079325,11:54:00,11:54:00,7003,4,0,0
1079326,11:24:00,11:24:00,7003,4,0,0
1079327,10:54:00,10:54:00,7003,4,0,0
1079328,10:24:00,10:24:00,7003,4,0,0
1079329,9:54:00,9:54:00,7003,4,0,0
1079330,9:24:00,9:24:00,7003,4,0,0
1079331,8:54:00,8:54:00,7003,4,0,0
1079332,8:24:00,8:24:00,7003,4,0,0
1079333,7:54:00,7:54:00,7003,4,0,0
1079334,7:24:00,7:24:00,7003,4,0,0
1079335,6:54:00,6:54:00,7003,4,0,0
1079336,6:24:00,6:24:00,7003,4,0,0
1079337,5:54:00,5:54:00,7003,4,0,0
1079338,20:54:00,20:54:00,7003,4,0,0
1079339,20:24:00,20:24:00,7003,4,0,0
1079340,19:54:00,19:54:00,7003,4,0,0
1079341,19:24:00,19:24:00,7003,4,0,0
1079342,18:54:00,18:54:00,7003,4,0,0
1079343,18:24:00,18:24:00,7003,4,0,0
1079344,17:54:00,17:54:00,7003,4,0,0
1079345,17:24:00,17:24:00,7003,4,0,0
1079346,16:54:00,16:54:00,7003,4,0,0
1079347,16:24:00,16:24:00,7003,4,0,0
1079348,15:54:00,15:54:00,7003,4,0,0
1079349,15:24:00,15:24:00,7003,4,0,0
1079350,14:54:00,14:54:00,7003,4,0,0
1079351,14:24:00,14:24:00,7003,4,0,0
1079352,13:54:00,13:54:00,7003,4,0,0
1079353,13:24:00,13:24:00,7003,4,0,0
1079354,5:24:00,5:24:00,7003,4,0,0
1079356,10:09:00,10:09:00,7003,4,0,0
1079357,10:39:00,10:39:00,7003,4,0,0
1079358,11:09:00,11:09:00,7003,4,0,0
1079359,11:39:00,11:39:00,7003,4,0,0
1079360,12:09:00,12:09:00,7003,4,0,0
1079361,12:39:00,12:39:00,7003,4,0,0
1079362,13:09:00,13:09:00,7003,4,0,0
1079363,13:39:00,13:39:00,7003,4,0,0
1079364,14:09:00,14:09:00,7003,4,0,0
1079365,14:39:00,14:39:00,7003,4,0,0
1079366,15:09:00,15:09:00,7003,4,0,0
1079367,15:39:00,15:39:00,7003,4,0,0
1079368,16:09:00,16:09:00,7003,4,0,0
1079369,16:39:00,16:39:00,7003,4,0,0
1074198,20:47:00,20:47:00,1099,26,0,0
1074199,20:02:00,20:02:00,1099,26,0,0
1074200,19:17:00,19:17:00,1099,26,0,0
1074201,18:32:00,18:32:00,1099,26,0,0
1074202,17:45:00,17:45:00,1099,26,0,0
1074203,17:00:00,17:00:00,1099,26,0,0
1074204,16:15:00,16:15:00,1099,26,0,0
1074205,15:29:00,15:29:00,1099,26,0,0
1074206,14:44:00,14:44:00,1099,26,0,0
1074207,13:59:00,13:59:00,1099,26,0,0
1074208,13:14:00,13:14:00,1099,26,0,0
1074209,12:29:00,12:29:00,1099,26,0,0
1074210,11:44:00,11:44:00,1099,26,0,0
1074211,10:59:00,10:59:00,1099,26,0,0
1074212,10:14:00,10:14:00,1099,26,0,0
1074213,9:29:00,9:29:00,1099,26,0,0
1074214,8:46:00,8:46:00,1099,26,0,0
1074215,8:01:00,8:01:00,1099,26,0,0
1074216,7:15:00,7:15:00,1099,26,0,0
1074217,6:30:00,6:30:00,1099,26,0,0
1074238,21:16:00,21:16:00,1099,26,0,0
1074239,20:16:00,20:16:00,1099,26,0,0
1074240,19:31:00,19:31:00,1099,26,0,0
1074241,18:46:00,18:46:00,1099,26,0,0
1074242,18:01:00,18:01:00,1099,26,0,0
1074243,17:16:00,17:16:00,1099,26,0,0
1074244,16:31:00,16:31:00,1099,26,0,0
1074245,15:46:00,15:46:00,1099,26,0,0
1074246,15:01:00,15:01:00,1099,26,0,0
1074247,14:16:00,14:16:00,1099,26,0,0
1074248,13:31:00,13:31:00,1099,26,0,0
1074249,12:46:00,12:46:00,1099,26,0,0
1074250,12:01:00,12:01:00,1099,26,0,0
1074251,11:16:00,11:16:00,1099,26,0,0
1074252,10:31:00,10:31:00,1099,26,0,0
1074253,9:46:00,9:46:00,1099,26,0,0
1074254,9:01:00,9:01:00,1099,26,0,0
1074255,8:00:00,8:00:00,1099,26,0,0
1074275,19:01:00,19:01:00,1099,26,0,0
1074276,18:16:00,18:16:00,1099,26,0,0
1074277,17:31:00,17:31:00,1099,26,0,0
1074278,16:46:00,16:46:00,1099,26,0,0
1074279,16:01:00,16:01:00,1099,26,0,0
1074280,15:16:00,15:16:00,1099,26,0,0
1074281,14:31:00,14:31:00,1099,26,0,0
1074282,13:46:00,13:46:00,1099,26,0,0
1074283,13:01:00,13:01:00,1099,26,0,0
1074284,12:16:00,12:16:00,1099,26,0,0
1074285,11:31:00,11:31:00,1099,26,0,0
1074286,10:46:00,10:46:00,1099,26,0,0
1074287,10:01:00,10:01:00,1099,26,0,0
1074288,9:01:00,9:01:00,1099,26,0,0
1074289,8:00:00,8:00:00,1099,26,0,0
1074693,22:28:00,22:28:00,1099,5,0,0
1074694,21:58:00,21:58:00,1099,5,0,0
1074695,21:28:00,21:28:00,1099,5,0,0
1074696,20:58:00,20:58:00,1099,5,0,0
1074697,20:28:00,20:28:00,1099,5,0,0
1074698,19:59:00,19:59:00,1099,5,0,0
1074699,19:29:00,19:29:00,1099,5,0,0
1074700,18:59:00,18:59:00,1099,5,0,0
1074701,18:30:00,18:30:00,1099,5,0,0
1074702,18:00:00,18:00:00,1099,5,0,0
1074703,17:31:00,17:31:00,1099,5,0,0
1074704,17:01:00,17:01:00,1099,5,0,0
1074705,16:31:00,16:31:00,1099,5,0,0
1074706,16:01:00,16:01:00,1099,5,0,0
1074707,15:31:00,15:31:00,1099,5,0,0
1074708,15:01:00,15:01:00,1099,5,0,0
1074709,14:31:00,14:31:00,1099,5,0,0
1074710,14:01:00,14:01:00,1099,5,0,0
1074711,13:30:00,13:30:00,1099,5,0,0
1074712,13:00:00,13:00:00,1099,5,0,0
1074713,12:30:00,12:30:00,1099,5,0,0
1074714,12:00:00,12:00:00,1099,5,0,0
1074715,11:30:00,11:30:00,1099,5,0,0
1074716,11:00:00,11:00:00,1099,5,0,0
1074717,10:30:00,10:30:00,1099,5,0,0
1074718,10:00:00,10:00:00,1099,5,0,0
1074719,9:30:00,9:30:00,1099,5,0,0
1074720,9:00:00,9:00:00,1099,5,0,0
1074721,8:30:00,8:30:00,1099,5,0,0
1074722,8:00:00,8:00:00,1099,5,0,0
1074723,7:29:00,7:29:00,1099,5,0,0
1074724,6:59:00,6:59:00,1099,5,0,0
1074725,6:30:00,6:30:00,1099,5,0,0
1074754,7:54:00,7:54:00,1099,5,0,0
1074755,22:24:00,22:24:00,1099,5,0,0
1074756,21:24:00,21:24:00,1099,5,0,0
1074757,20:24:00,20:24:00,1099,5,0,0
1074758,19:24:00,19:24:00,1099,5,0,0
1074759,18:24:00,18:24:00,1099,5,0,0
1074760,17:54:00,17:54:00,1099,5,0,0
1074761,17:24:00,17:24:00,1099,5,0,0
1074762,16:54:00,16:54:00,1099,5,0,0
1074763,16:24:00,16:24:00,1099,5,0,0
1074764,15:54:00,15:54:00,1099,5,0,0
1074765,15:24:00,15:24:00,1099,5,0,0
1074766,14:54:00,14:54:00,1099,5,0,0
1074767,14:24:00,14:24:00,1099,5,0,0
1074768,13:54:00,13:54:00,1099,5,0,0
1074769,13:24:00,13:24:00,1099,5,0,0
1074770,12:54:00,12:54:00,1099,5,0,0
1074771,12:24:00,12:24:00,1099,5,0,0
1074772,11:54:00,11:54:00,1099,5,0,0
1074773,11:24:00,11:24:00,1099,5,0,0
1074774,10:54:00,10:54:00,1099,5,0,0
1074775,10:24:00,10:24:00,1099,5,0,0
1074776,9:54:00,9:54:00,1099,5,0,0
1074777,9:24:00,9:24:00,1099,5,0,0
1074778,8:54:00,8:54:00,1099,5,0,0
1074779,8:24:00,8:24:00,1099,5,0,0
1074799,20:19:00,20:19:00,1099,5,0,0
1074800,19:18:00,19:18:00,1099,5,0,0
1074801,18:19:00,18:19:00,1099,5,0,0
1074802,17:34:00,17:34:00,1099,5,0,0
1074803,16:49:00,16:49:00,1099,5,0,0
1074804,16:04:00,16:04:00,1099,5,0,0
1074805,15:19:00,15:19:00,1099,5,0,0
1074806,14:34:00,14:34:00,1099,5,0,0
1074807,13:49:00,13:49:00,1099,5,0,0
1074808,13:04:00,13:04:00,1099,5,0,0
1074809,12:19:00,12:19:00,1099,5,0,0
1074810,11:34:00,11:34:00,1099,5,0,0
1074811,10:47:00,10:47:00,1099,5,0,0
1074812,10:02:00,10:02:00,1099,5,0,0
1074813,9:17:00,9:17:00,1099,5,0,0
1074814,8:24:00,8:24:00,1099,5,0,0
1076140,22:29:00,22:29:00,1099,67,1,0
1076141,21:59:00,21:59:00,1099,67,1,0
1076142,21:29:00,21:29:00,1099,67,1,0
1076143,6:02:00,6:02:00,1099,67,1,0
1076144,6:32:00,6:32:00,1099,67,1,0
1076145,7:02:00,7:02:00,1099,67,1,0
1076146,7:32:00,7:32:00,1099,67,1,0
1076147,8:04:00,8:04:00,1099,67,1,0
1076148,8:34:00,8:34:00,1099,67,1,0
1076149,9:04:00,9:04:00,1099,67,1,0
1076150,9:35:00,9:35:00,1099,67,1,0
1076151,10:05:00,10:05:00,1099,67,1,0
1076152,10:35:00,10:35:00,1099,67,1,0
1076153,11:05:00,11:05:00,1099,67,1,0
1076154,11:34:00,11:34:00,1099,67,1,0
1076155,12:04:00,12:04:00,1099,67,1,0
1076156,12:34:00,12:34:00,1099,67,1,0
1076157,13:04:00,13:04:00,1099,67,1,0
1076158,13:34:00,13:34:00,1099,67,1,0
1076159,14:04:00,14:04:00,1099,67,1,0
1076160,14:34:00,14:34:00,1099,67,1,0
1076161,15:04:00,15:04:00,1099,67,1,0
1076162,15:35:00,15:35:00,1099,67,1,0
1076163,16:05:00,16:05:00,1099,67,1,0
1076164,16:35:00,16:35:00,1099,67,1,0
1076165,17:05:00,17:05:00,1099,67,1,0
1076166,17:35:00,17:35:00,1099,67,1,0
1076167,18:05:00,18:05:00,1099,67,1,0
1076168,18:35:00,18:35:00,1099,67,1,0
1076169,19:05:00,19:05:00,1099,67,1,0
1076170,19:34:00,19:34:00,1099,67,1,0
1076171,20:03:00,20:03:00,1099,67,1,0
1076172,20:29:00,20:29:00,1099,67,1,0
1076173,20:59:00,20:59:00,1099,67,1,0
1076174,21:48:00,21:48:00,1099,1,0,0
1076175,21:18:00,21:18:00,1099,1,0,0
1076176,20:48:00,20:48:00,1099,1,0,0
1076177,20:18:00,20:18:00,1099,1,0,0
1076178,19:48:00,19:48:00,1099,1,0,0
1076179,19:16:00,19:16:00,1099,1,0,0
1076180,18:46:00,18:46:00,1099,1,0,0
1076181,18:16:00,18:16:00,1099,1,0,0
1076182,17:46:00,17:46:00,1099,1,0,0
1076183,17:12:00,17:12:00,1099,1,0,0
1076184,16:42:00,16:42:00,1099,1,0,0
1076185,16:12:00,16:12:00,1099,1,0,0
1076186,15:42:00,15:42:00,1099,1,0,0
1076187,15:12:00,15:12:00,1099,1,0,0
1076188,14:42:00,14:42:00,1099,1,0,0
1076189,6:16:00,6:16:00,1099,1,0,0
1076190,6:46:00,6:46:00,1099,1,0,0
1076191,7:15:00,7:15:00,1099,1,0,0
1076192,7:45:00,7:45:00,1099,1,0,0
1076193,8:15:00,8:15:00,1099,1,0,0
1076194,8:45:00,8:45:00,1099,1,0,0
1076195,9:15:00,9:15:00,1099,1,0,0
1076196,9:46:00,9:46:00,1099,1,0,0
1076197,10:16:00,10:16:00,1099,1,0,0
1076198,10:46:00,10:46:00,1099,1,0,0
1076199,11:16:00,11:16:00,1099,1,0,0
1076200,11:46:00,11:46:00,1099,1,0,0
1076201,12:16:00,12:16:00,1099,1,0,0
1076202,12:44:00,12:44:00,1099,1,0,0
1076203,13:14:00,13:14:00,1099,1,0,0
1076204,13:44:00,13:44:00,1099,1,0,0
1076205,14:14:00,14:14:00,1099,1,0,0
1076206,21:52:00,21:52:00,1099,67,1,0
1076207,20:52:00,20:52:00,1099,67,1,0
1076208,19:52:00,19:52:00,1099,67,1,0
1076209,18:47:00,18:47:00,1099,67,1,0
1076210,18:17:00,18:17:00,1099,67,1,0
1076211,17:47:00,17:47:00,1099,67,1,0
1076212,17:17:00,17:17:00,1099,67,1,0
1076213,16:50:00,16:50:00,1099,67,1,0
1076214,16:20:00,16:20:00,1099,67,1,0
1076215,15:50:00,15:50:00,1099,67,1,0
1076216,15:20:00,15:20:00,1099,67,1,0
1076217,14:50:00,14:50:00,1099,67,1,0
1076218,14:20:00,14:20:00,1099,67,1,0
1076219,13:50:00,13:50:00,1099,67,1,0
1076220,13:20:00,13:20:00,1099,67,1,0
1076221,12:50:00,12:50:00,1099,67,1,0
1076222,12:18:00,12:18:00,1099,67,1,0
1076223,11:48:00,11:48:00,1099,67,1,0
1076224,11:18:00,11:18:00,1099,67,1,0
1076225,10:48:00,10:48:00,1099,67,1,0
1076226,10:18:00,10:18:00,1099,67,1,0
1076227,9:48:00,9:48:00,1099,67,1,0
1076228,9:18:00,9:18:00,1099,67,1,0
1076229,8:47:00,8:47:00,1099,67,1,0
1076230,8:17:00,8:17:00,1099,67,1,0
1076231,21:02:00,21:02:00,1099,1,0,0
1076232,20:02:00,20:02:00,1099,1,0,0
1076233,19:02:00,19:02:00,1099,1,0,0
1076234,18:02:00,18:02:00,1099,1,0,0
1076235,17:32:00,17:32:00,1099,1,0,0
1076236,17:02:00,17:02:00,1099,1,0,0
1076237,16:32:00,16:32:00,1099,1,0,0
1076238,16:02:00,16:02:00,1099,1,0,0
1076239,15:32:00,15:32:00,1099,1,0,0
1076240,15:02:00,15:02:00,1099,1,0,0
1076241,14:32:00,14:32:00,1099,1,0,0
1076242,14:02:00,14:02:00,1099,1,0,0
1076243,13:32:00,13:32:00,1099,1,0,0
1076244,13:02:00,13:02:00,1099,1,0,0
1076245,12:32:00,12:32:00,1099,1,0,0
1076246,12:02:00,12:02:00,1099,1,0,0
1076247,11:32:00,11:32:00,1099,1,0,0
1076248,11:02:00,11:02:00,1099,1,0,0
1076249,10:32:00,10:32:00,1099,1,0,0
1076250,10:02:00,10:02:00,1099,1,0,0
1076251,9:32:00,9:32:00,1099,1,0,0
1076252,9:02:00,9:02:00,1099,1,0,0
1076253,8:32:00,8:32:00,1099,1,0,0
1076254,8:02:00,8:02:00,1099,1,0,0
1076255,22:07:00,22:07:00,1099,67,1,0
1076256,21:08:00,21:08:00,1099,67,1,0
1076257,20:08:00,20:08:00,1099,67,1,0
1076258,19:08:00,19:08:00,1099,67,1,0
1076259,18:08:00,18:08:00,1099,67,1,0
1076260,17:08:00,17:08:00,1099,67,1,0
1076261,16:10:00,16:10:00,1099,67,1,0
1076262,15:10:00,15:10:00,1099,67,1,0
1076263,14:10:00,14:10:00,1099,67,1,0
1076264,13:10:00,13:10:00,1099,67,1,0
1076265,12:09:00,12:09:00,1099,67,1,0
1076266,11:09:00,11:09:00,1099,67,1,0
1076267,10:09:00,10:09:00,1099,67,1,0
1076268,9:09:00,9:09:00,1099,67,1,0
1076269,8:08:00,8:08:00,1099,67,1,0
1076270,21:08:00,21:08:00,1099,1,0,0
1076271,20:08:00,20:08:00,1099,1,0,0
1076272,19:08:00,19:08:00,1099,1,0,0
1076273,18:08:00,18:08:00,1099,1,0,0
1076274,17:08:00,17:08:00,1099,1,0,0
1076275,16:08:00,16:08:00,1099,1,0,0
1076276,15:09:00,15:09:00,1099,1,0,0
1076277,14:09:00,14:09:00,1099,1,0,0
1076278,13:09:00,13:09:00,1099,1,0,0
1076279,12:09:00,12:09:00,1099,1,0,0
1076280,11:09:00,11:09:00,1099,1,0,0
1076281,10:09:00,10:09:00,1099,1,0,0
1076282,9:09:00,9:09:00,1099,1,0,0
1076283,8:09:00,8:09:00,1099,1,0,0
1076284,22:13:00,22:13:00,1099,69,1,0
1076285,6:46:00,6:46:00,1099,46,0,0
1076286,7:17:00,7:17:00,1099,69,1,0
1076287,7:49:00,7:49:00,1099,69,1,0
1076288,8:19:00,8:19:00,1099,69,1,0
1076289,8:49:00,8:49:00,1099,69,1,0
1076290,9:19:00,9:19:00,1099,69,1,0
1076291,9:49:00,9:49:00,1099,69,1,0
1076292,10:19:00,10:19:00,1099,69,1,0
1076293,10:49:00,10:49:00,1099,69,1,0
1076294,11:19:00,11:19:00,1099,69,1,0
1076295,11:49:00,11:49:00,1099,69,1,0
1076296,12:19:00,12:19:00,1099,69,1,0
1076297,12:49:00,12:49:00,1099,69,1,0
1076298,13:20:00,13:20:00,1099,69,1,0
1076299,13:50:00,13:50:00,1099,69,1,0
1076300,14:20:00,14:20:00,1099,69,1,0
1076301,14:50:00,14:50:00,1099,69,1,0
1076302,15:20:00,15:20:00,1099,69,1,0
1076303,15:50:00,15:50:00,1099,69,1,0
1076304,16:20:00,16:20:00,1099,69,1,0
1076305,16:50:00,16:50:00,1099,69,1,0
1076306,17:20:00,17:20:00,1099,69,1,0
1076307,17:50:00,17:50:00,1099,69,1,0
1076308,18:20:00,18:20:00,1099,69,1,0
1076309,18:50:00,18:50:00,1099,69,1,0
1076310,19:20:00,19:20:00,1099,69,1,0
1076311,19:54:00,19:54:00,1099,69,1,0
1076312,20:24:00,20:24:00,1099,69,1,0
1076313,20:54:00,20:54:00,1099,69,1,0
1076314,21:18:00,21:18:00,1099,69,1,0
1076315,21:48:00,21:48:00,1099,69,1,0
1076316,6:16:00,6:16:00,1099,46,0,0
1076317,22:02:00,22:02:00,1099,1,0,0
1076318,21:32:00,21:32:00,1099,1,0,0
1076319,21:02:00,21:02:00,1099,1,0,0
1076320,20:32:00,20:32:00,1099,1,0,0
1076321,20:02:00,20:02:00,1099,1,0,0
1076322,19:32:00,19:32:00,1099,1,0,0
1076323,19:02:00,19:02:00,1099,1,0,0
1076324,18:30:00,18:30:00,1099,1,0,0
1076325,18:00:00,18:00:00,1099,1,0,0
1076326,17:26:00,17:26:00,1099,1,0,0
1076327,16:56:00,16:56:00,1099,1,0,0
1076328,16:26:00,16:26:00,1099,1,0,0
1076329,15:56:00,15:56:00,1099,1,0,0
1076330,15:28:00,15:28:00,1099,1,0,0
1076331,14:58:00,14:58:00,1099,1,0,0
1076332,14:28:00,14:28:00,1099,1,0,0
1076333,13:58:00,13:58:00,1099,1,0,0
1076334,13:28:00,13:28:00,1099,1,0,0
1076335,13:00:00,13:00:00,1099,1,0,0
1076336,12:30:00,12:30:00,1099,1,0,0
1076337,12:00:00,12:00:00,1099,1,0,0
1076338,11:30:00,11:30:00,1099,1,0,0
1076339,11:00:00,11:00:00,1099,1,0,0
1076340,10:30:00,10:30:00,1099,1,0,0
1076341,10:00:00,10:00:00,1099,1,0,0
1076342,9:30:00,9:30:00,1099,1,0,0
1076343,8:59:00,8:59:00,1099,1,0,0
1076344,8:29:00,8:29:00,1099,1,0,0
1076345,7:59:00,7:59:00,1099,1,0,0
1076346,7:29:00,7:29:00,1099,1,0,0
1076347,7:01:00,7:01:00,1099,1,0,0
1076348,6:31:00,6:31:00,1099,1,0,0
1076349,6:01:00,6:01:00,1099,1,0,0
1076350,22:06:00,22:06:00,1099,69,1,0
1076351,21:06:00,21:06:00,1099,69,1,0
1076352,20:06:00,20:06:00,1099,69,1,0
1076353,19:06:00,19:06:00,1099,69,1,0
1076354,18:36:00,18:36:00,1099,69,1,0
1076355,18:06:00,18:06:00,1099,69,1,0
1076356,17:36:00,17:36:00,1099,69,1,0
1076357,17:12:00,17:12:00,1099,69,1,0
1076358,16:42:00,16:42:00,1099,69,1,0
1076359,16:12:00,16:12:00,1099,69,1,0
1076360,15:42:00,15:42:00,1099,69,1,0
1076361,15:12:00,15:12:00,1099,69,1,0
1076362,14:42:00,14:42:00,1099,69,1,0
1076363,14:12:00,14:12:00,1099,69,1,0
1076364,13:42:00,13:42:00,1099,69,1,0
1076365,13:12:00,13:12:00,1099,69,1,0
1076366,12:36:00,12:36:00,1099,69,1,0
1076367,12:06:00,12:06:00,1099,69,1,0
1076368,11:36:00,11:36:00,1099,69,1,0
1076369,11:06:00,11:06:00,1099,69,1,0
1076370,10:36:00,10:36:00,1099,69,1,0
1076371,10:06:00,10:06:00,1099,69,1,0
1076372,9:36:00,9:36:00,1099,69,1,0
1076373,9:03:00,9:03:00,1099,69,1,0
1076374,8:33:00,8:33:00,1099,69,1,0
1076375,8:02:00,8:02:00,1099,46,0,0
1076376,20:35:00,20:35:00,1099,1,0,0
1076377,19:47:00,19:47:00,1099,1,0,0
1076378,18:45:00,18:45:00,1099,1,0,0
1076379,17:45:00,17:45:00,1099,1,0,0
1076380,17:15:00,17:15:00,1099,1,0,0
1076381,16:45:00,16:45:00,1099,1,0,0
1076382,16:15:00,16:15:00,1099,1,0,0
1076383,15:45:00,15:45:00,1099,1,0,0
1076384,15:15:00,15:15:00,1099,1,0,0
1076385,14:45:00,14:45:00,1099,1,0,0
1076386,14:15:00,14:15:00,1099,1,0,0
1076387,13:45:00,13:45:00,1099,1,0,0
1076388,13:15:00,13:15:00,1099,1,0,0
1076389,12:45:00,12:45:00,1099,1,0,0
1076390,12:15:00,12:15:00,1099,1,0,0
1076391,11:45:00,11:45:00,1099,1,0,0
1076392,11:17:00,11:17:00,1099,1,0,0
1076393,10:47:00,10:47:00,1099,1,0,0
1076394,10:17:00,10:17:00,1099,1,0,0
1076395,9:47:00,9:47:00,1099,1,0,0
1076396,9:17:00,9:17:00,1099,1,0,0
1076397,8:47:00,8:47:00,1099,1,0,0
1076398,8:17:00,8:17:00,1099,1,0,0
1076399,7:47:00,7:47:00,1099,1,0,0
1076400,7:18:00,7:18:00,1099,1,0,0
1076401,21:39:00,21:39:00,1099,69,1,0
1076402,20:39:00,20:39:00,1099,69,1,0
1076403,19:39:00,19:39:00,1099,69,1,0
1076404,18:39:00,18:39:00,1099,69,1,0
1076405,17:39:00,17:39:00,1099,69,1,0
1076406,16:40:00,16:40:00,1099,69,1,0
1076407,15:40:00,15:40:00,1099,69,1,0
1076408,14:40:00,14:40:00,1099,69,1,0
1076409,13:40:00,13:40:00,1099,69,1,0
1076410,12:39:00,12:39:00,1099,69,1,0
1076411,11:39:00,11:39:00,1099,69,1,0
1076412,10:39:00,10:39:00,1099,69,1,0
1076413,9:39:00,9:39:00,1099,69,1,0
1076414,8:39:00,8:39:00,1099,69,1,0
1076415,7:38:00,7:38:00,1099,46,0,0
1076416,20:38:00,20:38:00,1099,1,0,0
1076417,19:38:00,19:38:00,1099,1,0,0
1076418,18:38:00,18:38:00,1099,1,0,0
1076419,17:38:00,17:38:00,1099,1,0,0
1076420,16:38:00,16:38:00,1099,1,0,0
1076421,15:37:00,15:37:00,1099,1,0,0
1076422,14:37:00,14:37:00,1099,1,0,0
1076423,13:37:00,13:37:00,1099,1,0,0
1076424,12:37:00,12:37:00,1099,1,0,0
1076425,11:37:00,11:37:00,1099,1,0,0
1076426,10:38:00,10:38:00,1099,1,0,0
1076427,9:38:00,9:38:00,1099,1,0,0
1076428,8:38:00,8:38:00,1099,1,0,0
1076429,7:39:00,7:39:00,1099,1,0,0
1077806,16:56:00,16:56:00,1099,11,0,0
1077807,17:31:00,17:31:00,1099,11,0,0
1077372,20:58:00,20:58:00,291,1,0,0
1077373,20:28:00,20:28:00,291,1,0,0
1077374,19:28:00,19:28:00,291,1,0,0
1077375,19:58:00,19:58:00,291,1,0,0
1077376,18:58:00,18:58:00,291,1,0,0
1077377,18:28:00,18:28:00,291,1,0,0
1077378,17:58:00,17:58:00,291,1,0,0
1077379,17:28:00,17:28:00,291,1,0,0
1077380,16:58:00,16:58:00,291,1,0,0
1077381,16:28:00,16:28:00,291,1,0,0
1077382,15:58:00,15:58:00,291,1,0,0
1077383,15:28:00,15:28:00,291,1,0,0
1077384,14:58:00,14:58:00,291,1,0,0
1077385,14:28:00,14:28:00,291,1,0,0
1077386,13:58:00,13:58:00,291,1,0,0
1077387,13:28:00,13:28:00,291,1,0,0
1077388,12:58:00,12:58:00,291,1,0,0
1077389,12:28:00,12:28:00,291,1,0,0
1077390,11:58:00,11:58:00,291,1,0,0
1077391,11:28:00,11:28:00,291,1,0,0
1077392,10:58:00,10:58:00,291,1,0,0
1077393,10:28:00,10:28:00,291,1,0,0
1077394,9:58:00,9:58:00,291,1,0,0
1077395,9:28:00,9:28:00,291,1,0,0
1077396,8:58:00,8:58:00,291,1,0,0
1077397,8:28:00,8:28:00,291,1,0,0
1077398,7:58:00,7:58:00,291,1,0,0
1077399,7:28:00,7:28:00,291,1,0,0
1077400,6:58:00,6:58:00,291,1,0,0
1077401,6:28:00,6:28:00,291,1,0,0
1077402,5:58:00,5:58:00,291,1,0,0
1077403,21:15:00,21:15:00,291,20,1,0
1077404,20:15:00,20:15:00,291,20,1,0
1077405,20:45:00,20:45:00,291,20,1,0
1077406,19:45:00,19:45:00,291,20,1,0
1077407,19:15:00,19:15:00,291,20,1,0
1077408,18:45:00,18:45:00,291,20,1,0
1077409,18:15:00,18:15:00,291,20,1,0
1077410,17:45:00,17:45:00,291,20,1,0
1077411,17:15:00,17:15:00,291,20,1,0
1077412,16:45:00,16:45:00,291,20,1,0
1077413,16:15:00,16:15:00,291,20,1,0
1077414,15:45:00,15:45:00,291,20,1,0
1077415,15:15:00,15:15:00,291,20,1,0
1077416,14:45:00,14:45:00,291,20,1,0
1077417,14:15:00,14:15:00,291,20,1,0
1077418,13:45:00,13:45:00,291,20,1,0
1077419,13:15:00,13:15:00,291,20,1,0
1077420,12:45:00,12:45:00,291,20,1,0
1077421,12:15:00,12:15:00,291,20,1,0
1077422,11:45:00,11:45:00,291,20,1,0
1077423,11:15:00,11:15:00,291,20,1,0
1077424,10:45:00,10:45:00,291,20,1,0
1077425,10:15:00,10:15:00,291,20,1,0
1077426,9:45:00,9:45:00,291,20,1,0
1077427,9:15:00,9:15:00,291,20,1,0
1077428,8:45:00,8:45:00,291,20,1,0
1077429,8:15:00,8:15:00,291,20,1,0
1077430,7:45:00,7:45:00,291,20,1,0
1077431,7:15:00,7:15:00,291,20,1,0
1077432,8:30:00,8:30:00,291,20,1,0
1077433,6:43:00,6:43:00,291,1,0,0
1077434,21:13:00,21:13:00,291,1,0,0
1077435,20:13:00,20:13:00,291,1,0,0
1077436,19:28:00,19:28:00,291,1,0,0
1077437,18:43:00,18:43:00,291,1,0,0
1077438,17:58:00,17:58:00,291,1,0,0
1077439,17:13:00,17:13:00,291,1,0,0
1077440,16:28:00,16:28:00,291,1,0,0
1077441,15:43:00,15:43:00,291,1,0,0
1077442,14:58:00,14:58:00,291,1,0,0
1077443,14:13:00,14:13:00,291,1,0,0
1077444,13:28:00,13:28:00,291,1,0,0
1077445,12:43:00,12:43:00,291,1,0,0
1077446,11:58:00,11:58:00,291,1,0,0
1077447,11:13:00,11:13:00,291,1,0,0
1077448,10:28:00,10:28:00,291,1,0,0
1077449,9:43:00,9:43:00,291,1,0,0
1077450,8:43:00,8:43:00,291,1,0,0
1077451,7:43:00,7:43:00,291,1,0,0
1077452,22:01:00,22:01:00,291,20,1,0
1077453,21:01:00,21:01:00,291,20,1,0
1077454,20:01:00,20:01:00,291,20,1,0
1077455,19:16:00,19:16:00,291,20,1,0
1077456,18:31:00,18:31:00,291,20,1,0
1077457,17:46:00,17:46:00,291,20,1,0
1077458,17:01:00,17:01:00,291,20,1,0
1077459,16:16:00,16:16:00,291,20,1,0
1077460,15:31:00,15:31:00,291,20,1,0
1077461,14:46:00,14:46:00,291,20,1,0
1077462,14:01:00,14:01:00,291,20,1,0
1077463,13:16:00,13:16:00,291,20,1,0
1077464,12:31:00,12:31:00,291,20,1,0
1077465,11:46:00,11:46:00,291,20,1,0
1077466,11:01:00,11:01:00,291,20,1,0
1077467,10:16:00,10:16:00,291,20,1,0
1077468,9:31:00,9:31:00,291,20,1,0
1077469,8:31:00,8:31:00,291,20,1,0
1077470,7:31:00,7:31:00,291,20,1,0
1077471,6:43:00,6:43:00,291,1,0,0
1077472,20:43:00,20:43:00,291,1,0,0
1077473,19:43:00,19:43:00,291,1,0,0
1077474,18:58:00,18:58:00,291,1,0,0
1077475,18:13:00,18:13:00,291,1,0,0
1077476,17:28:00,17:28:00,291,1,0,0
1077477,16:43:00,16:43:00,291,1,0,0
1077478,15:58:00,15:58:00,291,1,0,0
1077479,15:13:00,15:13:00,291,1,0,0
1077480,14:28:00,14:28:00,291,1,0,0
1077481,13:43:00,13:43:00,291,1,0,0
1077482,12:58:00,12:58:00,291,1,0,0
1077483,12:13:00,12:13:00,291,1,0,0
1077484,11:28:00,11:28:00,291,1,0,0
1077485,10:43:00,10:43:00,291,1,0,0
1077486,9:43:00,9:43:00,291,1,0,0
1077487,8:43:00,8:43:00,291,1,0,0
1077488,7:43:00,7:43:00,291,1,0,0
1077489,21:31:00,21:31:00,291,20,1,0
1077490,20:31:00,20:31:00,291,20,1,0
1077491,19:31:00,19:31:00,291,20,1,0
1077492,18:46:00,18:46:00,291,20,1,0
1077493,18:01:00,18:01:00,291,20,1,0
1077494,17:16:00,17:16:00,291,20,1,0
1077495,16:31:00,16:31:00,291,20,1,0
1077496,15:46:00,15:46:00,291,20,1,0
1077497,15:01:00,15:01:00,291,20,1,0
1077498,14:16:00,14:16:00,291,20,1,0
1077499,13:31:00,13:31:00,291,20,1,0
1077500,12:46:00,12:46:00,291,20,1,0
1077501,12:01:00,12:01:00,291,20,1,0
1077502,11:16:00,11:16:00,291,20,1,0
1077503,10:31:00,10:31:00,291,20,1,0
1077504,9:31:00,9:31:00,291,20,1,0
1077505,8:31:00,8:31:00,291,20,1,0
1077506,7:31:00,7:31:00,291,20,1,0
